[
    {
        "name": "soexcited_debut",
        "time": 8506,
        "duration": 1434
    },
    {
        "name": "soexcited_stretch_r",
        "time": 9824,
        "duration": 1913
    },
    {
        "name": "soexcited_stretch_up",
        "time": 14769,
        "duration": 1434
    },
    {
        "name": "soexcited_stretch_down",
        "time": 16087,
        "duration": 1434
    },
    {
        "name": "soexcited_stretch_up",
        "time": 17406,
        "duration": 1434
    },
    {
        "name": "soexcited_stretch_down",
        "time": 18724,
        "duration": 1434
    },
    {
        "name": "soexcited_stretch_r",
        "time": 20043,
        "duration": 1913
    },
    {
        "name": "soexcited_stretch_up",
        "time": 25317,
        "duration": 1434
    },
    {
        "name": "soexcited_stretch_down",
        "time": 26635,
        "duration": 1434
    },
    {
        "name": "soexcited_stretch_up",
        "time": 27954,
        "duration": 1434
    },
    {
        "name": "soexcited_stretch_down",
        "time": 29273,
        "duration": 1434
    },
    {
        "name": "soexcited_elbow_r",
        "time": 30591,
        "duration": 956
    },
    {
        "name": "soexcited_elbow_l",
        "time": 31250,
        "duration": 956
    },
    {
        "name": "soexcited_elbow_r",
        "time": 31910,
        "duration": 956
    },
    {
        "name": "soexcited_elbow_l",
        "time": 32569,
        "duration": 956
    },
    {
        "name": "soexcited_elbow_r",
        "time": 33228,
        "duration": 956
    },
    {
        "name": "soexcited_elbow_l",
        "time": 33888,
        "duration": 956
    },
    {
        "name": "soexcited_elbow_r",
        "time": 34547,
        "duration": 956
    },
    {
        "name": "soexcited_elbow_l",
        "time": 35206,
        "duration": 956
    },
    {
        "name": "soexcited_jump",
        "time": 36855,
        "duration": 956
    },
    {
        "name": "soexcited_jump",
        "time": 38173,
        "duration": 956
    },
    {
        "name": "soexcited_jump",
        "time": 39492,
        "duration": 956
    },
    {
        "name": "soexcited_elbow_r",
        "time": 41140,
        "duration": 956
    },
    {
        "name": "soexcited_elbow_l",
        "time": 41799,
        "duration": 956
    },
    {
        "name": "soexcited_elbow_r",
        "time": 42458,
        "duration": 956
    },
    {
        "name": "soexcited_elbow_l",
        "time": 43117,
        "duration": 956
    },
    {
        "name": "soexcited_elbow_r",
        "time": 43777,
        "duration": 956
    },
    {
        "name": "soexcited_elbow_l",
        "time": 44436,
        "duration": 956
    },
    {
        "name": "soexcited_elbow_r",
        "time": 45095,
        "duration": 956
    },
    {
        "name": "soexcited_elbow_l",
        "time": 45754,
        "duration": 956
    },
    {
        "name": "soexcited_jump",
        "time": 47403,
        "duration": 956
    },
    {
        "name": "soexcited_jump",
        "time": 48722,
        "duration": 956
    },
    {
        "name": "soexcited_jump",
        "time": 50040,
        "duration": 956
    },
    {
        "name": "soexcited_wave",
        "time": 52018,
        "duration": 1434
    },
    {
        "name": "soexcited_wave",
        "time": 53336,
        "duration": 1434
    },
    {
        "name": "soexcited_towel",
        "time": 54325,
        "duration": 956
    },
    {
        "name": "soexcited_towel",
        "time": 54984,
        "duration": 956
    },
    {
        "name": "soexcited_towel",
        "time": 55644,
        "duration": 956
    },
    {
        "name": "soexcited_towel",
        "time": 56303,
        "duration": 956
    },
    {
        "name": "soexcited_wave",
        "time": 57292,
        "duration": 1434
    },
    {
        "name": "soexcited_wave",
        "time": 58611,
        "duration": 1434
    },
    {
        "name": "soexcited_towel",
        "time": 59599,
        "duration": 956
    },
    {
        "name": "soexcited_towel",
        "time": 60258,
        "duration": 956
    },
    {
        "name": "soexcited_towel",
        "time": 60918,
        "duration": 956
    },
    {
        "name": "soexcited_sun_up",
        "time": 62566,
        "duration": 1913
    },
    {
        "name": "soexcited_sun_down",
        "time": 65203,
        "duration": 1434
    },
    {
        "name": "soexcited_jump",
        "time": 66192,
        "duration": 956
    },
    {
        "name": "soexcited_run",
        "time": 67510,
        "duration": 956
    },
    {
        "name": "soexcited_run",
        "time": 68829,
        "duration": 956
    },
    {
        "name": "soexcited_run",
        "time": 70148,
        "duration": 956
    },
    {
        "name": "soexcited_run",
        "time": 71466,
        "duration": 956
    },
    {
        "name": "soexcited_iwantu",
        "time": 73115,
        "duration": 956
    },
    {
        "name": "soexcited_iwantu",
        "time": 73774,
        "duration": 956
    },
    {
        "name": "soexcited_iwantu",
        "time": 74433,
        "duration": 956
    },
    {
        "name": "soexcited_iwantu",
        "time": 75093,
        "duration": 956
    },
    {
        "name": "soexcited_iwantu",
        "time": 75752,
        "duration": 956
    },
    {
        "name": "soexcited_iwantu",
        "time": 76411,
        "duration": 956
    },
    {
        "name": "soexcited_iwantu",
        "time": 77070,
        "duration": 956
    },
    {
        "name": "soexcited_run",
        "time": 78059,
        "duration": 956
    },
    {
        "name": "soexcited_run",
        "time": 79377,
        "duration": 956
    },
    {
        "name": "soexcited_run",
        "time": 80696,
        "duration": 956
    },
    {
        "name": "soexcited_run",
        "time": 82015,
        "duration": 956
    },
    {
        "name": "soexcited_iwantu",
        "time": 83663,
        "duration": 956
    },
    {
        "name": "soexcited_iwantu",
        "time": 84322,
        "duration": 956
    },
    {
        "name": "soexcited_iwantu",
        "time": 84982,
        "duration": 956
    },
    {
        "name": "soexcited_iwantu",
        "time": 85641,
        "duration": 956
    },
    {
        "name": "soexcited_iwantu",
        "time": 86300,
        "duration": 956
    },
    {
        "name": "soexcited_goldmove_iwantu",
        "time": 86959,
        "duration": 1434,
        "goldMove": 1
    },
    {
        "name": "soexcited_elbow_r",
        "time": 88607,
        "duration": 956
    },
    {
        "name": "soexcited_elbow_l",
        "time": 89267,
        "duration": 956
    },
    {
        "name": "soexcited_elbow_r",
        "time": 89926,
        "duration": 956
    },
    {
        "name": "soexcited_elbow_l",
        "time": 90585,
        "duration": 956
    },
    {
        "name": "soexcited_elbow_r",
        "time": 91244,
        "duration": 956
    },
    {
        "name": "soexcited_elbow_l",
        "time": 91904,
        "duration": 956
    },
    {
        "name": "soexcited_elbow_r",
        "time": 92563,
        "duration": 956
    },
    {
        "name": "soexcited_elbow_l",
        "time": 93222,
        "duration": 956
    },
    {
        "name": "soexcited_jump",
        "time": 94871,
        "duration": 956
    },
    {
        "name": "soexcited_jump",
        "time": 96189,
        "duration": 956
    },
    {
        "name": "soexcited_jump",
        "time": 97508,
        "duration": 956
    },
    {
        "name": "soexcited_elbow_r",
        "time": 99156,
        "duration": 956
    },
    {
        "name": "soexcited_elbow_l",
        "time": 99815,
        "duration": 956
    },
    {
        "name": "soexcited_elbow_r",
        "time": 100474,
        "duration": 956
    },
    {
        "name": "soexcited_elbow_l",
        "time": 101133,
        "duration": 956
    },
    {
        "name": "soexcited_elbow_r",
        "time": 101793,
        "duration": 956
    },
    {
        "name": "soexcited_elbow_l",
        "time": 102452,
        "duration": 956
    },
    {
        "name": "soexcited_elbow_r",
        "time": 103111,
        "duration": 956
    },
    {
        "name": "soexcited_elbow_l",
        "time": 103771,
        "duration": 956
    },
    {
        "name": "soexcited_jump",
        "time": 105419,
        "duration": 956
    },
    {
        "name": "soexcited_jump",
        "time": 106738,
        "duration": 956
    },
    {
        "name": "soexcited_pose",
        "time": 108386,
        "duration": 1434,
        "goldMove": 1
    },
    {
        "name": "soexcited_run",
        "time": 109704,
        "duration": 956
    },
    {
        "name": "soexcited_run",
        "time": 111023,
        "duration": 956
    },
    {
        "name": "soexcited_run",
        "time": 112341,
        "duration": 956
    },
    {
        "name": "soexcited_run",
        "time": 113660,
        "duration": 956
    },
    {
        "name": "soexcited_iwantu",
        "time": 115308,
        "duration": 956
    },
    {
        "name": "soexcited_iwantu",
        "time": 115968,
        "duration": 956
    },
    {
        "name": "soexcited_iwantu",
        "time": 116627,
        "duration": 956
    },
    {
        "name": "soexcited_iwantu",
        "time": 117286,
        "duration": 956
    },
    {
        "name": "soexcited_iwantu",
        "time": 117945,
        "duration": 956
    },
    {
        "name": "soexcited_iwantu",
        "time": 118605,
        "duration": 956
    },
    {
        "name": "soexcited_iwantu",
        "time": 119264,
        "duration": 956
    },
    {
        "name": "soexcited_run",
        "time": 120252,
        "duration": 956
    },
    {
        "name": "soexcited_run",
        "time": 121571,
        "duration": 956
    },
    {
        "name": "soexcited_run",
        "time": 122890,
        "duration": 956
    },
    {
        "name": "soexcited_run",
        "time": 124208,
        "duration": 956
    },
    {
        "name": "soexcited_iwantu",
        "time": 125857,
        "duration": 956
    },
    {
        "name": "soexcited_iwantu",
        "time": 126516,
        "duration": 956
    },
    {
        "name": "soexcited_iwantu",
        "time": 127175,
        "duration": 956
    },
    {
        "name": "soexcited_iwantu",
        "time": 127834,
        "duration": 956
    },
    {
        "name": "soexcited_iwantu",
        "time": 128494,
        "duration": 956
    },
    {
        "name": "soexcited_goldmove_iwantu",
        "time": 129153,
        "duration": 1434,
        "goldMove": 1
    },
    {
        "name": "soexcited_walk_r",
        "time": 130801,
        "duration": 956
    },
    {
        "name": "soexcited_walk_l",
        "time": 131460,
        "duration": 956
    },
    {
        "name": "soexcited_walk_r",
        "time": 132119,
        "duration": 956
    },
    {
        "name": "soexcited_walk_l",
        "time": 132779,
        "duration": 956
    },
    {
        "name": "soexcited_circle",
        "time": 133768,
        "duration": 1434
    },
    {
        "name": "soexcited_circle",
        "time": 135086,
        "duration": 1434
    },
    {
        "name": "soexcited_walk_l",
        "time": 136075,
        "duration": 956
    },
    {
        "name": "soexcited_walk_r",
        "time": 136734,
        "duration": 956
    },
    {
        "name": "soexcited_walk_l",
        "time": 137394,
        "duration": 956
    },
    {
        "name": "soexcited_walk_r",
        "time": 138053,
        "duration": 956
    },
    {
        "name": "soexcited_circle",
        "time": 139042,
        "duration": 1434
    },
    {
        "name": "soexcited_circle",
        "time": 140361,
        "duration": 1434
    },
    {
        "name": "soexcited_walk_l",
        "time": 141349,
        "duration": 956
    },
    {
        "name": "soexcited_walk_r",
        "time": 142008,
        "duration": 956
    },
    {
        "name": "soexcited_walk_l",
        "time": 142668,
        "duration": 956
    },
    {
        "name": "soexcited_walk_r",
        "time": 143327,
        "duration": 956
    },
    {
        "name": "soexcited_circle",
        "time": 144316,
        "duration": 1434
    },
    {
        "name": "soexcited_circle",
        "time": 145635,
        "duration": 1434
    },
    {
        "name": "soexcited_walk_r",
        "time": 146623,
        "duration": 956
    },
    {
        "name": "soexcited_walk_l",
        "time": 147283,
        "duration": 956
    },
    {
        "name": "soexcited_walk_r",
        "time": 147942,
        "duration": 956
    },
    {
        "name": "soexcited_walk_l",
        "time": 148601,
        "duration": 956
    },
    {
        "name": "soexcited_circle",
        "time": 149591,
        "duration": 1434
    },
    {
        "name": "soexcited_circle",
        "time": 150909,
        "duration": 1434
    },
    {
        "name": "soexcited_wave",
        "time": 152228,
        "duration": 1434
    },
    {
        "name": "soexcited_wave",
        "time": 153546,
        "duration": 1434
    },
    {
        "name": "soexcited_towel",
        "time": 154535,
        "duration": 956
    },
    {
        "name": "soexcited_towel",
        "time": 155194,
        "duration": 956
    },
    {
        "name": "soexcited_towel",
        "time": 155853,
        "duration": 956
    },
    {
        "name": "soexcited_towel",
        "time": 156513,
        "duration": 956
    },
    {
        "name": "soexcited_wave",
        "time": 157502,
        "duration": 1434
    },
    {
        "name": "soexcited_wave",
        "time": 158820,
        "duration": 1434
    },
    {
        "name": "soexcited_towel",
        "time": 159809,
        "duration": 956
    },
    {
        "name": "soexcited_towel",
        "time": 160468,
        "duration": 956
    },
    {
        "name": "soexcited_towel",
        "time": 161127,
        "duration": 956
    },
    {
        "name": "soexcited_sun_up",
        "time": 162776,
        "duration": 1913
    },
    {
        "name": "soexcited_sun_down",
        "time": 165413,
        "duration": 1434
    },
    {
        "name": "soexcited_jump",
        "time": 166402,
        "duration": 956
    },
    {
        "name": "soexcited_run",
        "time": 167720,
        "duration": 956
    },
    {
        "name": "soexcited_run",
        "time": 169039,
        "duration": 956
    },
    {
        "name": "soexcited_run",
        "time": 170357,
        "duration": 956
    },
    {
        "name": "soexcited_run",
        "time": 171676,
        "duration": 956
    },
    {
        "name": "soexcited_iwantu",
        "time": 173324,
        "duration": 956
    },
    {
        "name": "soexcited_iwantu",
        "time": 173984,
        "duration": 956
    },
    {
        "name": "soexcited_iwantu",
        "time": 174643,
        "duration": 956
    },
    {
        "name": "soexcited_iwantu",
        "time": 175302,
        "duration": 956
    },
    {
        "name": "soexcited_iwantu",
        "time": 175961,
        "duration": 956
    },
    {
        "name": "soexcited_iwantu",
        "time": 176621,
        "duration": 956
    },
    {
        "name": "soexcited_iwantu",
        "time": 177280,
        "duration": 956
    },
    {
        "name": "soexcited_run",
        "time": 178269,
        "duration": 956
    },
    {
        "name": "soexcited_run",
        "time": 179587,
        "duration": 956
    },
    {
        "name": "soexcited_run",
        "time": 180906,
        "duration": 956
    },
    {
        "name": "soexcited_run",
        "time": 182224,
        "duration": 956
    },
    {
        "name": "soexcited_iwantu",
        "time": 183873,
        "duration": 956
    },
    {
        "name": "soexcited_iwantu",
        "time": 184532,
        "duration": 956
    },
    {
        "name": "soexcited_iwantu",
        "time": 185191,
        "duration": 956
    },
    {
        "name": "soexcited_iwantu",
        "time": 185851,
        "duration": 956
    },
    {
        "name": "soexcited_iwantu",
        "time": 186510,
        "duration": 956
    },
    {
        "name": "soexcited_goldmove_iwantu",
        "time": 187169,
        "duration": 1434,
        "goldMove": 1
    },
    {
        "name": "soexcited_spin",
        "time": 189147,
        "duration": 1434
    },
    {
        "name": "soexcited_clac",
        "time": 191619,
        "duration": 956
    },
    {
        "name": "soexcited_clac",
        "time": 192278,
        "duration": 956
    },
    {
        "name": "soexcited_clac",
        "time": 192938,
        "duration": 956
    },
    {
        "name": "soexcited_clac",
        "time": 193597,
        "duration": 956
    },
    {
        "name": "soexcited_spin",
        "time": 194421,
        "duration": 1434
    },
    {
        "name": "soexcited_clac",
        "time": 196893,
        "duration": 956
    },
    {
        "name": "soexcited_clac",
        "time": 197553,
        "duration": 956
    },
    {
        "name": "soexcited_clac",
        "time": 198212,
        "duration": 956
    },
    {
        "name": "soexcited_clac",
        "time": 198871,
        "duration": 956
    },
    {
        "name": "soexcited_spin",
        "time": 199695,
        "duration": 1434
    },
    {
        "name": "soexcited_clac",
        "time": 202167,
        "duration": 956
    },
    {
        "name": "soexcited_clac",
        "time": 202827,
        "duration": 956
    },
    {
        "name": "soexcited_clac",
        "time": 203486,
        "duration": 956
    },
    {
        "name": "soexcited_clac",
        "time": 204145,
        "duration": 956
    },
    {
        "name": "soexcited_spin",
        "time": 204970,
        "duration": 1434
    },
    {
        "name": "soexcited_clac",
        "time": 207442,
        "duration": 956
    },
    {
        "name": "soexcited_clac",
        "time": 208101,
        "duration": 956
    },
    {
        "name": "soexcited_clac",
        "time": 208760,
        "duration": 956
    },
    {
        "name": "soexcited_clac",
        "time": 209419,
        "duration": 956
    },
    {
        "name": "soexcited_run",
        "time": 210244,
        "duration": 956
    },
    {
        "name": "soexcited_run",
        "time": 211232,
        "duration": 956
    },
    {
        "name": "soexcited_run_up",
        "time": 212551,
        "duration": 956
    },
    {
        "name": "soexcited_run_up",
        "time": 213869,
        "duration": 956
    },
    {
        "name": "soexcited_run",
        "time": 215188,
        "duration": 956
    },
    {
        "name": "soexcited_run",
        "time": 216507,
        "duration": 956
    },
    {
        "name": "soexcited_run_up",
        "time": 217825,
        "duration": 956
    },
    {
        "name": "soexcited_run_up",
        "time": 219144,
        "duration": 956
    },
    {
        "name": "soexcited_run",
        "time": 220462,
        "duration": 956
    },
    {
        "name": "soexcited_run",
        "time": 221781,
        "duration": 956
    },
    {
        "name": "soexcited_run_up",
        "time": 223099,
        "duration": 956
    },
    {
        "name": "soexcited_run_up",
        "time": 224418,
        "duration": 956
    },
    {
        "name": "soexcited_run",
        "time": 225736,
        "duration": 956
    },
    {
        "name": "soexcited_run",
        "time": 227055,
        "duration": 956
    },
    {
        "name": "soexcited_run_up",
        "time": 228373,
        "duration": 956
    },
    {
        "name": "soexcited_run_up",
        "time": 229692,
        "duration": 956
    },
    {
        "name": "soexcited_pfiou",
        "time": 231341,
        "duration": 956
    }
]