[
    {
        "name": "dancingdivachn_poselady",
        "time": 4352,
        "duration": 967
    },
    {
        "name": "dancingdivachn_posedown",
        "time": 6287,
        "duration": 967
    },
    {
        "name": "dancingdivachn_circle",
        "time": 8706,
        "duration": 967
    },
    {
        "name": "dancingdivachn_circledown",
        "time": 9674,
        "duration": 725
    },
    {
        "name": "dancingdivachn_openarm",
        "time": 10884,
        "duration": 1209
    },
    {
        "name": "dancingdivachn_sidewalk",
        "time": 12577,
        "duration": 846
    },
    {
        "name": "dancingdivachn_sidewalk",
        "time": 13424,
        "duration": 846
    },
    {
        "name": "dancingdivachn_openarm",
        "time": 14755,
        "duration": 1209
    },
    {
        "name": "dancingdivachn_sidewalk_r",
        "time": 16448,
        "duration": 846
    },
    {
        "name": "dancingdivachn_sidewalk_r",
        "time": 17295,
        "duration": 846
    },
    {
        "name": "dancingdivachn_openarm",
        "time": 18626,
        "duration": 1209
    },
    {
        "name": "dancingdivachn_sidewalk",
        "time": 20319,
        "duration": 846
    },
    {
        "name": "dancingdivachn_sidewalk",
        "time": 21166,
        "duration": 846
    },
    {
        "name": "dancingdivachn_openarm",
        "time": 22497,
        "duration": 1209
    },
    {
        "name": "dancingdivachn_sidewalk_r",
        "time": 24190,
        "duration": 846
    },
    {
        "name": "dancingdivachn_sidewalk_r",
        "time": 25037,
        "duration": 846
    },
    {
        "name": "dancingdivachn_diamond",
        "time": 26368,
        "duration": 1451
    },
    {
        "name": "dancingdivachn_diamondup",
        "time": 28061,
        "duration": 967
    },
    {
        "name": "dancingdivachn_princess",
        "time": 29997,
        "duration": 846
    },
    {
        "name": "dancingdivachn_princessr",
        "time": 30844,
        "duration": 846
    },
    {
        "name": "dancingdivachn_princess",
        "time": 31690,
        "duration": 846
    },
    {
        "name": "dancingdivachn_princessr",
        "time": 32537,
        "duration": 846
    },
    {
        "name": "dancingdivachn_diamond",
        "time": 34110,
        "duration": 1451
    },
    {
        "name": "dancingdivachn_diamondup",
        "time": 35803,
        "duration": 967
    },
    {
        "name": "dancingdivachn_princess",
        "time": 37739,
        "duration": 846
    },
    {
        "name": "dancingdivachn_princessr",
        "time": 38585,
        "duration": 846
    },
    {
        "name": "dancingdivachn_saphir",
        "time": 39674,
        "duration": 967
    },
    {
        "name": "dancingdivachn_turnaround",
        "time": 41610,
        "duration": 967,
        "goldMove": 1
    },
    {
        "name": "dancingdivachn_turnaounrdr",
        "time": 42577,
        "duration": 967
    },
    {
        "name": "dancingdivachn_diva",
        "time": 43545,
        "duration": 967
    },
    {
        "name": "dancingdivachn_diva",
        "time": 44513,
        "duration": 967
    },
    {
        "name": "dancingdivachn_muscle",
        "time": 45481,
        "duration": 967
    },
    {
        "name": "dancingdivachn_muscle",
        "time": 46448,
        "duration": 967
    },
    {
        "name": "dancingdivachn_muscle",
        "time": 47416,
        "duration": 967
    },
    {
        "name": "dancingdivachn_muscle",
        "time": 48384,
        "duration": 967
    },
    {
        "name": "dancingdivachn_turnaround",
        "time": 49352,
        "duration": 967
    },
    {
        "name": "dancingdivachn_turnaounrdr",
        "time": 50319,
        "duration": 967
    },
    {
        "name": "dancingdivachn_diva",
        "time": 51287,
        "duration": 967
    },
    {
        "name": "dancingdivachn_diva",
        "time": 52255,
        "duration": 967
    },
    {
        "name": "dancingdivachn_muscle",
        "time": 53223,
        "duration": 967
    },
    {
        "name": "dancingdivachn_muscle",
        "time": 54190,
        "duration": 967
    },
    {
        "name": "dancingdivachn_muscle",
        "time": 55158,
        "duration": 967
    },
    {
        "name": "dancingdivachn_muscle",
        "time": 56126,
        "duration": 967
    },
    {
        "name": "dancingdivachn_poselady",
        "time": 58545,
        "duration": 967
    },
    {
        "name": "dancingdivachn_posedown",
        "time": 60481,
        "duration": 967
    },
    {
        "name": "dancingdivachn_circle",
        "time": 62900,
        "duration": 967
    },
    {
        "name": "dancingdivachn_circledown",
        "time": 63868,
        "duration": 725
    },
    {
        "name": "dancingdivachn_openarm",
        "time": 65077,
        "duration": 1209
    },
    {
        "name": "dancingdivachn_sidewalk",
        "time": 66771,
        "duration": 846
    },
    {
        "name": "dancingdivachn_sidewalk",
        "time": 67618,
        "duration": 846
    },
    {
        "name": "dancingdivachn_openarm",
        "time": 68948,
        "duration": 1209
    },
    {
        "name": "dancingdivachn_sidewalk_r",
        "time": 70642,
        "duration": 846
    },
    {
        "name": "dancingdivachn_sidewalk_r",
        "time": 71489,
        "duration": 846
    },
    {
        "name": "dancingdivachn_openarm",
        "time": 72819,
        "duration": 1209
    },
    {
        "name": "dancingdivachn_sidewalk",
        "time": 74513,
        "duration": 846
    },
    {
        "name": "dancingdivachn_sidewalk",
        "time": 75360,
        "duration": 846
    },
    {
        "name": "dancingdivachn_openarm",
        "time": 76690,
        "duration": 1209
    },
    {
        "name": "dancingdivachn_sidewalk_r",
        "time": 78384,
        "duration": 846
    },
    {
        "name": "dancingdivachn_sidewalk_r",
        "time": 79231,
        "duration": 846
    },
    {
        "name": "dancingdivachn_diamond",
        "time": 80561,
        "duration": 1451
    },
    {
        "name": "dancingdivachn_diamondup",
        "time": 82255,
        "duration": 967
    },
    {
        "name": "dancingdivachn_princess",
        "time": 84190,
        "duration": 846
    },
    {
        "name": "dancingdivachn_princessr",
        "time": 85037,
        "duration": 846
    },
    {
        "name": "dancingdivachn_princess",
        "time": 85884,
        "duration": 846
    },
    {
        "name": "dancingdivachn_princessr",
        "time": 86731,
        "duration": 846
    },
    {
        "name": "dancingdivachn_diamond",
        "time": 88303,
        "duration": 1451
    },
    {
        "name": "dancingdivachn_diamondup",
        "time": 89997,
        "duration": 967
    },
    {
        "name": "dancingdivachn_princess",
        "time": 91932,
        "duration": 846
    },
    {
        "name": "dancingdivachn_princessr",
        "time": 92779,
        "duration": 846
    },
    {
        "name": "dancingdivachn_saphir",
        "time": 93868,
        "duration": 967
    },
    {
        "name": "dancingdivachn_turnaround",
        "time": 95803,
        "duration": 967,
        "goldMove": 1
    },
    {
        "name": "dancingdivachn_turnaounrdr",
        "time": 96771,
        "duration": 967
    },
    {
        "name": "dancingdivachn_diva",
        "time": 97739,
        "duration": 967
    },
    {
        "name": "dancingdivachn_diva",
        "time": 98706,
        "duration": 967
    },
    {
        "name": "dancingdivachn_muscle",
        "time": 99674,
        "duration": 967
    },
    {
        "name": "dancingdivachn_muscle",
        "time": 100642,
        "duration": 967
    },
    {
        "name": "dancingdivachn_muscle",
        "time": 101610,
        "duration": 967
    },
    {
        "name": "dancingdivachn_muscle",
        "time": 102577,
        "duration": 967
    },
    {
        "name": "dancingdivachn_turnaround",
        "time": 103545,
        "duration": 967
    },
    {
        "name": "dancingdivachn_turnaounrdr",
        "time": 104513,
        "duration": 967
    },
    {
        "name": "dancingdivachn_diva",
        "time": 105481,
        "duration": 967
    },
    {
        "name": "dancingdivachn_diva",
        "time": 106448,
        "duration": 967
    },
    {
        "name": "dancingdivachn_muscle",
        "time": 107416,
        "duration": 967
    },
    {
        "name": "dancingdivachn_muscle",
        "time": 108384,
        "duration": 967
    },
    {
        "name": "dancingdivachn_muscle",
        "time": 109352,
        "duration": 967
    },
    {
        "name": "dancingdivachn_muscle",
        "time": 110319,
        "duration": 967
    },
    {
        "name": "dancingdivachn_sand_r",
        "time": 111529,
        "duration": 967
    },
    {
        "name": "dancingdivachn_sandshow_r",
        "time": 114916,
        "duration": 725
    },
    {
        "name": "dancingdivachn_sandshow_r",
        "time": 118545,
        "duration": 725
    },
    {
        "name": "dancingdivachn_graceful",
        "time": 119271,
        "duration": 1451
    },
    {
        "name": "dancingdivachn_graceful",
        "time": 121206,
        "duration": 1451
    },
    {
        "name": "dancingdivachn_graceful_end",
        "time": 122900,
        "duration": 1451
    },
    {
        "name": "dancingdivachn_pose_ground",
        "time": 125319,
        "duration": 967
    },
    {
        "name": "dancingdivachn_sky",
        "time": 127013,
        "duration": 967
    },
    {
        "name": "dancingdivachn_catching",
        "time": 128948,
        "duration": 967
    },
    {
        "name": "dancingdivachn_sky",
        "time": 130642,
        "duration": 967
    },
    {
        "name": "dancingdivachn_fly",
        "time": 132819,
        "duration": 1451
    },
    {
        "name": "dancingdivachn_sky",
        "time": 134755,
        "duration": 967
    },
    {
        "name": "dancingdivachn_catching",
        "time": 136690,
        "duration": 967
    },
    {
        "name": "dancingdivachn_sky",
        "time": 138505,
        "duration": 967
    },
    {
        "name": "dancingdivachn_fly",
        "time": 140561,
        "duration": 1451
    },
    {
        "name": "dancingdivachn_palm",
        "time": 149029,
        "duration": 967
    },
    {
        "name": "dancingdivachn_turnaround",
        "time": 151932,
        "duration": 967
    },
    {
        "name": "dancingdivachn_turnaounrdr",
        "time": 152900,
        "duration": 967
    },
    {
        "name": "dancingdivachn_diva",
        "time": 153868,
        "duration": 967
    },
    {
        "name": "dancingdivachn_diva",
        "time": 154835,
        "duration": 967
    },
    {
        "name": "dancingdivachn_muscle",
        "time": 155803,
        "duration": 967
    },
    {
        "name": "dancingdivachn_muscle",
        "time": 156771,
        "duration": 967
    },
    {
        "name": "dancingdivachn_muscle",
        "time": 157739,
        "duration": 967
    },
    {
        "name": "dancingdivachn_muscle",
        "time": 158706,
        "duration": 967
    },
    {
        "name": "dancingdivachn_turnaround",
        "time": 159674,
        "duration": 967
    },
    {
        "name": "dancingdivachn_turnaounrdr",
        "time": 160642,
        "duration": 967
    },
    {
        "name": "dancingdivachn_diva",
        "time": 161610,
        "duration": 967
    },
    {
        "name": "dancingdivachn_diva",
        "time": 162577,
        "duration": 967
    },
    {
        "name": "dancingdivachn_muscle",
        "time": 163545,
        "duration": 967
    },
    {
        "name": "dancingdivachn_muscle",
        "time": 164513,
        "duration": 967
    },
    {
        "name": "dancingdivachn_muscle",
        "time": 165481,
        "duration": 967
    },
    {
        "name": "dancingdivachn_muscle",
        "time": 166448,
        "duration": 967
    },
    {
        "name": "dancingdivachn_jolin",
        "time": 167658,
        "duration": 725,
        "goldMove": 1
    },
    {
        "name": "dancingdivachn_diva",
        "time": 169352,
        "duration": 967
    },
    {
        "name": "dancingdivachn_diva",
        "time": 170319,
        "duration": 967
    },
    {
        "name": "dancingdivachn_sidepriest",
        "time": 171408,
        "duration": 967
    },
    {
        "name": "dancingdivachn_sidepriestr",
        "time": 172376,
        "duration": 967
    },
    {
        "name": "dancingdivachn_sidepriest",
        "time": 173343,
        "duration": 967
    },
    {
        "name": "dancingdivachn_sidepriestr",
        "time": 174311,
        "duration": 967
    },
    {
        "name": "dancingdivachn_jolin",
        "time": 175400,
        "duration": 725
    },
    {
        "name": "dancingdivachn_diva",
        "time": 177094,
        "duration": 967
    },
    {
        "name": "dancingdivachn_diva",
        "time": 178061,
        "duration": 967
    },
    {
        "name": "dancingdivachn_sidepriest",
        "time": 179150,
        "duration": 967
    },
    {
        "name": "dancingdivachn_sidepriestr",
        "time": 180118,
        "duration": 967
    },
    {
        "name": "dancingdivachn_sidepriest",
        "time": 181085,
        "duration": 967
    },
    {
        "name": "dancingdivachn_sidepriestr",
        "time": 182053,
        "duration": 967
    },
    {
        "name": "dancingdivachn_endpose",
        "time": 183021,
        "duration": 725,
        "goldMove": 1
    }
]