[
    {
        "name": "beautyandabeatdlc_myself",
        "time": 6631,
        "duration": 772
    },
    {
        "name": "beautyandabeatdlc_yeah",
        "time": 8741,
        "duration": 537
    },
    {
        "name": "beautyandabeatdlc_punchstart",
        "time": 11318,
        "duration": 303
    },
    {
        "name": "beautyandabeatdlc_punch",
        "time": 11787,
        "duration": 303
    },
    {
        "name": "beautyandabeatdlc_punch",
        "time": 12256,
        "duration": 303
    },
    {
        "name": "beautyandabeatdlc_punch",
        "time": 12725,
        "duration": 303
    },
    {
        "name": "beautyandabeatdlc_punch",
        "time": 13193,
        "duration": 303
    },
    {
        "name": "beautyandabeatdlc_punch",
        "time": 13662,
        "duration": 303
    },
    {
        "name": "beautyandabeatdlc_punch",
        "time": 14131,
        "duration": 303
    },
    {
        "name": "beautyandabeatdlc_punch",
        "time": 14600,
        "duration": 303
    },
    {
        "name": "beautyandabeatdlc_punch",
        "time": 15068,
        "duration": 303
    },
    {
        "name": "beautyandabeatdlc_punch",
        "time": 15537,
        "duration": 303
    },
    {
        "name": "beautyandabeatdlc_punch",
        "time": 16006,
        "duration": 303
    },
    {
        "name": "beautyandabeatdlc_punch",
        "time": 16475,
        "duration": 303
    },
    {
        "name": "beautyandabeatdlc_punch",
        "time": 16943,
        "duration": 303
    },
    {
        "name": "beautyandabeatdlc_punch",
        "time": 17412,
        "duration": 303
    },
    {
        "name": "beautyandabeatdlc_punch",
        "time": 17881,
        "duration": 303
    },
    {
        "name": "beautyandabeatdlc_punch",
        "time": 18350,
        "duration": 303
    },
    {
        "name": "beautyandabeatdlc_babyup",
        "time": 18818,
        "duration": 772
    },
    {
        "name": "beautyandabeatdlc_babyup",
        "time": 19756,
        "duration": 772
    },
    {
        "name": "beautyandabeatdlc_babydown",
        "time": 20693,
        "duration": 772
    },
    {
        "name": "beautyandabeatdlc_babydown",
        "time": 21631,
        "duration": 772
    },
    {
        "name": "beautyandabeatdlc_babyup",
        "time": 22568,
        "duration": 772
    },
    {
        "name": "beautyandabeatdlc_babyup",
        "time": 23506,
        "duration": 772
    },
    {
        "name": "beautyandabeatdlc_babystop",
        "time": 24443,
        "duration": 303
    },
    {
        "name": "beautyandabeatdlc_pain",
        "time": 24912,
        "duration": 303
    },
    {
        "name": "beautyandabeatdlc_bigpain",
        "time": 25850,
        "duration": 303
    },
    {
        "name": "beautyandabeatdlc_babyup",
        "time": 26318,
        "duration": 772
    },
    {
        "name": "beautyandabeatdlc_babyup",
        "time": 27256,
        "duration": 772
    },
    {
        "name": "beautyandabeatdlc_babydown",
        "time": 28193,
        "duration": 772
    },
    {
        "name": "beautyandabeatdlc_babydown",
        "time": 29131,
        "duration": 772
    },
    {
        "name": "beautyandabeatdlc_babyup",
        "time": 30068,
        "duration": 772
    },
    {
        "name": "beautyandabeatdlc_babyup",
        "time": 31006,
        "duration": 772
    },
    {
        "name": "beautyandabeatdlc_babystop",
        "time": 31943,
        "duration": 303
    },
    {
        "name": "beautyandabeatdlc_pain",
        "time": 32412,
        "duration": 303
    },
    {
        "name": "beautyandabeatdlc_bigpain",
        "time": 33350,
        "duration": 303
    },
    {
        "name": "beautyandabeatdlc_millin",
        "time": 35693,
        "duration": 537
    },
    {
        "name": "beautyandabeatdlc_millin",
        "time": 36397,
        "duration": 537
    },
    {
        "name": "beautyandabeatdlc_point",
        "time": 37803,
        "duration": 1006
    },
    {
        "name": "beautyandabeatdlc_millout",
        "time": 39912,
        "duration": 537
    },
    {
        "name": "beautyandabeatdlc_millout",
        "time": 40616,
        "duration": 537
    },
    {
        "name": "beautyandabeatdlc_millin",
        "time": 43193,
        "duration": 537
    },
    {
        "name": "beautyandabeatdlc_millin",
        "time": 43897,
        "duration": 537
    },
    {
        "name": "beautyandabeatdlc_coming",
        "time": 45537,
        "duration": 303
    },
    {
        "name": "beautyandabeatdlc_foryou",
        "time": 46006,
        "duration": 537
    },
    {
        "name": "beautyandabeatdlc_coming",
        "time": 46943,
        "duration": 303
    },
    {
        "name": "beautyandabeatdlc_foryou",
        "time": 47412,
        "duration": 537
    },
    {
        "name": "beautyandabeatdlc_all",
        "time": 49053,
        "duration": 1475
    },
    {
        "name": "beautyandabeatdlc_you",
        "time": 52803,
        "duration": 772,
        "goldMove": 1
    },
    {
        "name": "beautyandabeatdlc_grap",
        "time": 56553,
        "duration": 1006
    },
    {
        "name": "beautyandabeatdlc_grap",
        "time": 58428,
        "duration": 1006
    },
    {
        "name": "beautyandabeatdlc_grap",
        "time": 60303,
        "duration": 1006
    },
    {
        "name": "beautyandabeatdlc_grap",
        "time": 62178,
        "duration": 1006
    },
    {
        "name": "beautyandabeatdlc_droprstart",
        "time": 64053,
        "duration": 537
    },
    {
        "name": "beautyandabeatdlc_dropr",
        "time": 64756,
        "duration": 537
    },
    {
        "name": "beautyandabeatdlc_droplstart",
        "time": 65928,
        "duration": 537
    },
    {
        "name": "beautyandabeatdlc_dropl",
        "time": 66631,
        "duration": 537
    },
    {
        "name": "beautyandabeatdlc_fever",
        "time": 67568,
        "duration": 1006
    },
    {
        "name": "beautyandabeatdlc_moonlight",
        "time": 69443,
        "duration": 1006
    },
    {
        "name": "beautyandabeatdlc_droprstart",
        "time": 71553,
        "duration": 537
    },
    {
        "name": "beautyandabeatdlc_dropr",
        "time": 72256,
        "duration": 537
    },
    {
        "name": "beautyandabeatdlc_droplstart",
        "time": 73428,
        "duration": 537
    },
    {
        "name": "beautyandabeatdlc_dropl",
        "time": 74131,
        "duration": 537
    },
    {
        "name": "beautyandabeatdlc_fever",
        "time": 75068,
        "duration": 1006
    },
    {
        "name": "beautyandabeatdlc_moonlight",
        "time": 76943,
        "duration": 1006
    },
    {
        "name": "beautyandabeatdlc_hit",
        "time": 78818,
        "duration": 303
    },
    {
        "name": "beautyandabeatdlc_hit",
        "time": 79756,
        "duration": 303
    },
    {
        "name": "beautyandabeatdlc_hit",
        "time": 81162,
        "duration": 303
    },
    {
        "name": "beautyandabeatdlc_hit",
        "time": 82568,
        "duration": 303
    },
    {
        "name": "beautyandabeatdlc_hit",
        "time": 83506,
        "duration": 303
    },
    {
        "name": "beautyandabeatdlc_hit",
        "time": 84912,
        "duration": 303
    },
    {
        "name": "beautyandabeatdlc_hit",
        "time": 86318,
        "duration": 303
    },
    {
        "name": "beautyandabeatdlc_hit",
        "time": 87256,
        "duration": 303
    },
    {
        "name": "beautyandabeatdlc_handgun",
        "time": 88193,
        "duration": 303
    },
    {
        "name": "beautyandabeatdlc_handgun",
        "time": 88662,
        "duration": 303
    },
    {
        "name": "beautyandabeatdlc_handgunend",
        "time": 89131,
        "duration": 537
    },
    {
        "name": "beautyandabeatdlc_hit",
        "time": 90068,
        "duration": 303
    },
    {
        "name": "beautyandabeatdlc_hit",
        "time": 91006,
        "duration": 303
    },
    {
        "name": "beautyandabeatdlc_hit",
        "time": 92412,
        "duration": 303
    },
    {
        "name": "beautyandabeatdlc_babyup",
        "time": 93818,
        "duration": 772
    },
    {
        "name": "beautyandabeatdlc_babyup",
        "time": 94756,
        "duration": 772
    },
    {
        "name": "beautyandabeatdlc_babydown",
        "time": 95693,
        "duration": 772
    },
    {
        "name": "beautyandabeatdlc_babydown",
        "time": 96631,
        "duration": 772
    },
    {
        "name": "beautyandabeatdlc_babyup",
        "time": 97568,
        "duration": 772
    },
    {
        "name": "beautyandabeatdlc_babyup",
        "time": 98506,
        "duration": 772
    },
    {
        "name": "beautyandabeatdlc_babystop",
        "time": 99443,
        "duration": 303
    },
    {
        "name": "beautyandabeatdlc_pain",
        "time": 99912,
        "duration": 303
    },
    {
        "name": "beautyandabeatdlc_bigpain",
        "time": 100850,
        "duration": 303
    },
    {
        "name": "beautyandabeatdlc_babyup",
        "time": 101318,
        "duration": 772
    },
    {
        "name": "beautyandabeatdlc_babyup",
        "time": 102256,
        "duration": 772
    },
    {
        "name": "beautyandabeatdlc_babydown",
        "time": 103193,
        "duration": 772
    },
    {
        "name": "beautyandabeatdlc_babydown",
        "time": 104131,
        "duration": 772
    },
    {
        "name": "beautyandabeatdlc_babyup",
        "time": 105068,
        "duration": 772
    },
    {
        "name": "beautyandabeatdlc_babyup",
        "time": 106006,
        "duration": 772
    },
    {
        "name": "beautyandabeatdlc_babystop",
        "time": 106943,
        "duration": 303
    },
    {
        "name": "beautyandabeatdlc_pain",
        "time": 107412,
        "duration": 303
    },
    {
        "name": "beautyandabeatdlc_bigpain",
        "time": 108350,
        "duration": 303
    },
    {
        "name": "beautyandabeatdlc_millin",
        "time": 110693,
        "duration": 537
    },
    {
        "name": "beautyandabeatdlc_millin",
        "time": 111397,
        "duration": 537
    },
    {
        "name": "beautyandabeatdlc_point",
        "time": 112803,
        "duration": 1006
    },
    {
        "name": "beautyandabeatdlc_millout",
        "time": 114912,
        "duration": 537
    },
    {
        "name": "beautyandabeatdlc_millout",
        "time": 115616,
        "duration": 537
    },
    {
        "name": "beautyandabeatdlc_millin",
        "time": 118193,
        "duration": 537
    },
    {
        "name": "beautyandabeatdlc_millin",
        "time": 118897,
        "duration": 537
    },
    {
        "name": "beautyandabeatdlc_coming",
        "time": 120537,
        "duration": 303
    },
    {
        "name": "beautyandabeatdlc_foryou",
        "time": 121006,
        "duration": 537
    },
    {
        "name": "beautyandabeatdlc_coming",
        "time": 121943,
        "duration": 303
    },
    {
        "name": "beautyandabeatdlc_foryou",
        "time": 122412,
        "duration": 537
    },
    {
        "name": "beautyandabeatdlc_all",
        "time": 124053,
        "duration": 1475
    },
    {
        "name": "beautyandabeatdlc_you",
        "time": 127803,
        "duration": 772,
        "goldMove": 1
    },
    {
        "name": "beautyandabeatdlc_grap",
        "time": 131553,
        "duration": 1006
    },
    {
        "name": "beautyandabeatdlc_grap",
        "time": 133428,
        "duration": 1006
    },
    {
        "name": "beautyandabeatdlc_grap",
        "time": 135303,
        "duration": 1006
    },
    {
        "name": "beautyandabeatdlc_grap",
        "time": 137178,
        "duration": 1006
    },
    {
        "name": "beautyandabeatdlc_droprstart",
        "time": 139053,
        "duration": 537
    },
    {
        "name": "beautyandabeatdlc_dropr",
        "time": 139756,
        "duration": 537
    },
    {
        "name": "beautyandabeatdlc_droplstart",
        "time": 140928,
        "duration": 537
    },
    {
        "name": "beautyandabeatdlc_dropl",
        "time": 141631,
        "duration": 537
    },
    {
        "name": "beautyandabeatdlc_fever",
        "time": 142568,
        "duration": 1006
    },
    {
        "name": "beautyandabeatdlc_moonlight",
        "time": 144443,
        "duration": 1006
    },
    {
        "name": "beautyandabeatdlc_droprstart",
        "time": 146553,
        "duration": 537
    },
    {
        "name": "beautyandabeatdlc_dropr",
        "time": 147256,
        "duration": 537
    },
    {
        "name": "beautyandabeatdlc_droplstart",
        "time": 148428,
        "duration": 537
    },
    {
        "name": "beautyandabeatdlc_dropl",
        "time": 149131,
        "duration": 537
    },
    {
        "name": "beautyandabeatdlc_fever",
        "time": 150068,
        "duration": 1006
    },
    {
        "name": "beautyandabeatdlc_moonlight",
        "time": 151943,
        "duration": 1006
    },
    {
        "name": "beautyandabeatdlc_fall",
        "time": 153818,
        "duration": 537
    },
    {
        "name": "beautyandabeatdlc_fallcross",
        "time": 155459,
        "duration": 772
    },
    {
        "name": "beautyandabeatdlc_fallcross",
        "time": 156397,
        "duration": 772
    },
    {
        "name": "beautyandabeatdlc_fall",
        "time": 157568,
        "duration": 537
    },
    {
        "name": "beautyandabeatdlc_fallcross",
        "time": 159209,
        "duration": 772
    },
    {
        "name": "beautyandabeatdlc_fallcross",
        "time": 160147,
        "duration": 772
    },
    {
        "name": "beautyandabeatdlc_fall",
        "time": 161318,
        "duration": 537
    },
    {
        "name": "beautyandabeatdlc_fallcross",
        "time": 162959,
        "duration": 772
    },
    {
        "name": "beautyandabeatdlc_fallcross",
        "time": 163897,
        "duration": 772
    },
    {
        "name": "beautyandabeatdlc_fall",
        "time": 165068,
        "duration": 537
    },
    {
        "name": "beautyandabeatdlc_pulsion",
        "time": 166943,
        "duration": 772
    },
    {
        "name": "beautyandabeatdlc_balanceleftstart",
        "time": 168818,
        "duration": 303
    },
    {
        "name": "beautyandabeatdlc_balanceright",
        "time": 169287,
        "duration": 772
    },
    {
        "name": "beautyandabeatdlc_balanceleft",
        "time": 170225,
        "duration": 772
    },
    {
        "name": "beautyandabeatdlc_balancemidr",
        "time": 171162,
        "duration": 537
    },
    {
        "name": "beautyandabeatdlc_balancerhit",
        "time": 171866,
        "duration": 772
    },
    {
        "name": "beautyandabeatdlc_balanceleft",
        "time": 172803,
        "duration": 772
    },
    {
        "name": "beautyandabeatdlc_balanceright",
        "time": 173741,
        "duration": 772
    },
    {
        "name": "beautyandabeatdlc_balancemidl",
        "time": 174678,
        "duration": 537
    },
    {
        "name": "beautyandabeatdlc_balancelpunch",
        "time": 175381,
        "duration": 772
    },
    {
        "name": "beautyandabeatdlc_calm",
        "time": 176318,
        "duration": 1006,
        "goldMove": 1
    },
    {
        "name": "beautyandabeatdlc_myheart",
        "time": 177959,
        "duration": 537
    },
    {
        "name": "beautyandabeatdlc_heart",
        "time": 178662,
        "duration": 303
    },
    {
        "name": "beautyandabeatdlc_heart",
        "time": 179131,
        "duration": 303
    },
    {
        "name": "beautyandabeatdlc_down",
        "time": 180068,
        "duration": 1241
    },
    {
        "name": "beautyandabeatdlc_push",
        "time": 183818,
        "duration": 303
    },
    {
        "name": "beautyandabeatdlc_pull",
        "time": 185225,
        "duration": 303
    },
    {
        "name": "beautyandabeatdlc_push",
        "time": 185693,
        "duration": 303
    },
    {
        "name": "beautyandabeatdlc_pull",
        "time": 187100,
        "duration": 303
    },
    {
        "name": "beautyandabeatdlc_letit",
        "time": 187568,
        "duration": 1006
    },
    {
        "name": "beautyandabeatdlc_catch",
        "time": 189443,
        "duration": 303
    },
    {
        "name": "beautyandabeatdlc_catch",
        "time": 190381,
        "duration": 303
    },
    {
        "name": "beautyandabeatdlc_push",
        "time": 191318,
        "duration": 303
    },
    {
        "name": "beautyandabeatdlc_pull",
        "time": 192725,
        "duration": 303
    },
    {
        "name": "beautyandabeatdlc_push",
        "time": 193193,
        "duration": 303
    },
    {
        "name": "beautyandabeatdlc_pull",
        "time": 194600,
        "duration": 303
    },
    {
        "name": "beautyandabeatdlc_letit",
        "time": 195068,
        "duration": 1006
    },
    {
        "name": "beautyandabeatdlc_catch",
        "time": 196943,
        "duration": 303
    },
    {
        "name": "beautyandabeatdlc_catch",
        "time": 197881,
        "duration": 303
    },
    {
        "name": "beautyandabeatdlc_gimme",
        "time": 198818,
        "duration": 537
    },
    {
        "name": "beautyandabeatdlc_gimme",
        "time": 200693,
        "duration": 537
    },
    {
        "name": "beautyandabeatdlc_oooh",
        "time": 202568,
        "duration": 1006
    },
    {
        "name": "beautyandabeatdlc_no",
        "time": 204443,
        "duration": 1006
    },
    {
        "name": "beautyandabeatdlc_gimme",
        "time": 206318,
        "duration": 537
    },
    {
        "name": "beautyandabeatdlc_gimme",
        "time": 208193,
        "duration": 537
    },
    {
        "name": "beautyandabeatdlc_oooh",
        "time": 210068,
        "duration": 1006
    },
    {
        "name": "beautyandabeatdlc_no",
        "time": 211943,
        "duration": 1006
    },
    {
        "name": "beautyandabeatdlc_hit",
        "time": 213818,
        "duration": 303
    },
    {
        "name": "beautyandabeatdlc_hit",
        "time": 214756,
        "duration": 303
    },
    {
        "name": "beautyandabeatdlc_hit",
        "time": 216162,
        "duration": 303
    },
    {
        "name": "beautyandabeatdlc_hit",
        "time": 217568,
        "duration": 303
    },
    {
        "name": "beautyandabeatdlc_hit",
        "time": 218506,
        "duration": 303
    },
    {
        "name": "beautyandabeatdlc_hit",
        "time": 219912,
        "duration": 303
    },
    {
        "name": "beautyandabeatdlc_hit",
        "time": 221318,
        "duration": 303
    },
    {
        "name": "beautyandabeatdlc_hit",
        "time": 222256,
        "duration": 303
    },
    {
        "name": "beautyandabeatdlc_handgun",
        "time": 223193,
        "duration": 303
    },
    {
        "name": "beautyandabeatdlc_handgun",
        "time": 223662,
        "duration": 303
    },
    {
        "name": "beautyandabeatdlc_handgunend",
        "time": 224131,
        "duration": 537
    },
    {
        "name": "beautyandabeatdlc_hit",
        "time": 225068,
        "duration": 303
    },
    {
        "name": "beautyandabeatdlc_hit",
        "time": 226006,
        "duration": 303
    },
    {
        "name": "beautyandabeatdlc_hit",
        "time": 227412,
        "duration": 303
    },
    {
        "name": "beautyandabeatdlc_slide",
        "time": 228350,
        "duration": 303
    },
    {
        "name": "beautyandabeatdlc_boyfriend",
        "time": 228818,
        "duration": 303,
        "goldMove": 1
    }
]