[
    {
        "name": "onthefloor_oriental",
        "time": 5162,
        "duration": 778
    },
    {
        "name": "onthefloor_oriental",
        "time": 6085,
        "duration": 778
    },
    {
        "name": "onthefloor_oriental",
        "time": 7008,
        "duration": 778
    },
    {
        "name": "onthefloor_waveup",
        "time": 8854,
        "duration": 778
    },
    {
        "name": "onthefloor_wavedown",
        "time": 9777,
        "duration": 778
    },
    {
        "name": "onthefloor_circle",
        "time": 13008,
        "duration": 1239
    },
    {
        "name": "onthefloor_circleend",
        "time": 14393,
        "duration": 1239
    },
    {
        "name": "onthefloor_circle",
        "time": 19931,
        "duration": 1239
    },
    {
        "name": "onthefloor_circleend",
        "time": 21316,
        "duration": 1239
    },
    {
        "name": "onthefloor_club",
        "time": 27777,
        "duration": 1239
    },
    {
        "name": "onthefloor_sambastart",
        "time": 30085,
        "duration": 778
    },
    {
        "name": "onthefloor_samba",
        "time": 31931,
        "duration": 778
    },
    {
        "name": "onthefloor_samba",
        "time": 33777,
        "duration": 778
    },
    {
        "name": "onthefloor_samba",
        "time": 35623,
        "duration": 778
    },
    {
        "name": "onthefloor_shakeitbaby",
        "time": 37931,
        "duration": 547
    },
    {
        "name": "onthefloor_diago",
        "time": 38624,
        "duration": 547
    },
    {
        "name": "onthefloor_shakeitbaby",
        "time": 39777,
        "duration": 547
    },
    {
        "name": "onthefloor_diago",
        "time": 40470,
        "duration": 547
    },
    {
        "name": "onthefloor_shakeitbaby",
        "time": 41623,
        "duration": 547
    },
    {
        "name": "onthefloor_diago",
        "time": 42316,
        "duration": 547
    },
    {
        "name": "onthefloor_shakeitbaby",
        "time": 43470,
        "duration": 547
    },
    {
        "name": "onthefloor_diago",
        "time": 44162,
        "duration": 547
    },
    {
        "name": "onthefloor_pumpitup",
        "time": 45316,
        "duration": 1701
    },
    {
        "name": "onthefloor_downbass",
        "time": 47162,
        "duration": 1701
    },
    {
        "name": "onthefloor_sexy",
        "time": 49008,
        "duration": 1701
    },
    {
        "name": "onthefloor_party",
        "time": 50854,
        "duration": 778
    },
    {
        "name": "onthefloor_party",
        "time": 51777,
        "duration": 778
    },
    {
        "name": "onthefloor_sexy",
        "time": 52700,
        "duration": 1701
    },
    {
        "name": "onthefloor_party",
        "time": 54547,
        "duration": 778
    },
    {
        "name": "onthefloor_party",
        "time": 55470,
        "duration": 778
    },
    {
        "name": "onthefloor_handsup",
        "time": 56393,
        "duration": 778
    },
    {
        "name": "onthefloor_handsup",
        "time": 57316,
        "duration": 778
    },
    {
        "name": "onthefloor_handsup",
        "time": 60085,
        "duration": 778
    },
    {
        "name": "onthefloor_handsup",
        "time": 61008,
        "duration": 778
    },
    {
        "name": "onthefloor_stop",
        "time": 64700,
        "duration": 316
    },
    {
        "name": "onthefloor_drinksup",
        "time": 67008,
        "duration": 316,
        "goldMove": 1
    },
    {
        "name": "onthefloor_jlo",
        "time": 67470,
        "duration": 778
    },
    {
        "name": "onthefloor_jlo",
        "time": 68393,
        "duration": 778
    },
    {
        "name": "onthefloor_jlo",
        "time": 69316,
        "duration": 778
    },
    {
        "name": "onthefloor_jlo",
        "time": 70239,
        "duration": 778
    },
    {
        "name": "onthefloor_jlo",
        "time": 71162,
        "duration": 778
    },
    {
        "name": "onthefloor_jlo",
        "time": 72085,
        "duration": 778
    },
    {
        "name": "onthefloor_jlo",
        "time": 73008,
        "duration": 778
    },
    {
        "name": "onthefloor_jlo",
        "time": 73931,
        "duration": 778
    },
    {
        "name": "onthefloor_jlo",
        "time": 74854,
        "duration": 778
    },
    {
        "name": "onthefloor_jlo",
        "time": 75777,
        "duration": 778
    },
    {
        "name": "onthefloor_jlo",
        "time": 76700,
        "duration": 778
    },
    {
        "name": "onthefloor_sideorient",
        "time": 78316,
        "duration": 778
    },
    {
        "name": "onthefloor_sideorient",
        "time": 79239,
        "duration": 778
    },
    {
        "name": "onthefloor_sideorientup",
        "time": 80162,
        "duration": 778
    },
    {
        "name": "onthefloor_sideorientup",
        "time": 81085,
        "duration": 778
    },
    {
        "name": "onthefloor_sideorient",
        "time": 82008,
        "duration": 778
    },
    {
        "name": "onthefloor_sideorient",
        "time": 82931,
        "duration": 778
    },
    {
        "name": "onthefloor_sideorientup",
        "time": 83854,
        "duration": 778
    },
    {
        "name": "onthefloor_sideorientup",
        "time": 84778,
        "duration": 778
    },
    {
        "name": "onthefloor_lambada",
        "time": 85931,
        "duration": 1701
    },
    {
        "name": "onthefloor_pointitdown",
        "time": 87777,
        "duration": 1701
    },
    {
        "name": "onthefloor_calm",
        "time": 89623,
        "duration": 1239
    },
    {
        "name": "onthefloor_lambada",
        "time": 93316,
        "duration": 1701
    },
    {
        "name": "onthefloor_pointitdown",
        "time": 95162,
        "duration": 1701
    },
    {
        "name": "onthefloor_calm",
        "time": 97008,
        "duration": 1239
    },
    {
        "name": "onthefloor_monte",
        "time": 101162,
        "duration": 1701
    },
    {
        "name": "onthefloor_sexyhips",
        "time": 103008,
        "duration": 778
    },
    {
        "name": "onthefloor_sambastart",
        "time": 103931,
        "duration": 778
    },
    {
        "name": "onthefloor_samba",
        "time": 105777,
        "duration": 778
    },
    {
        "name": "onthefloor_hot",
        "time": 108085,
        "duration": 778
    },
    {
        "name": "onthefloor_hot",
        "time": 109931,
        "duration": 778
    },
    {
        "name": "onthefloor_sambastart",
        "time": 111316,
        "duration": 778
    },
    {
        "name": "onthefloor_samba",
        "time": 113162,
        "duration": 778
    },
    {
        "name": "onthefloor_hot",
        "time": 115470,
        "duration": 778
    },
    {
        "name": "onthefloor_hot",
        "time": 117316,
        "duration": 778
    },
    {
        "name": "onthefloor_sexy",
        "time": 119162,
        "duration": 1701
    },
    {
        "name": "onthefloor_party",
        "time": 121008,
        "duration": 778
    },
    {
        "name": "onthefloor_party",
        "time": 121931,
        "duration": 778
    },
    {
        "name": "onthefloor_sexy",
        "time": 122854,
        "duration": 1701
    },
    {
        "name": "onthefloor_party",
        "time": 124700,
        "duration": 778
    },
    {
        "name": "onthefloor_party",
        "time": 125623,
        "duration": 778
    },
    {
        "name": "onthefloor_handsup",
        "time": 126547,
        "duration": 778
    },
    {
        "name": "onthefloor_handsup",
        "time": 127470,
        "duration": 778
    },
    {
        "name": "onthefloor_handsup",
        "time": 130239,
        "duration": 778
    },
    {
        "name": "onthefloor_handsup",
        "time": 131162,
        "duration": 778
    },
    {
        "name": "onthefloor_stop",
        "time": 134854,
        "duration": 316
    },
    {
        "name": "onthefloor_drinksup",
        "time": 137162,
        "duration": 316,
        "goldMove": 1
    },
    {
        "name": "onthefloor_jlo",
        "time": 137623,
        "duration": 778
    },
    {
        "name": "onthefloor_jlo",
        "time": 138547,
        "duration": 778
    },
    {
        "name": "onthefloor_jlo",
        "time": 139470,
        "duration": 778
    },
    {
        "name": "onthefloor_jlo",
        "time": 140393,
        "duration": 778
    },
    {
        "name": "onthefloor_jlo",
        "time": 141316,
        "duration": 778
    },
    {
        "name": "onthefloor_jlo",
        "time": 142239,
        "duration": 778
    },
    {
        "name": "onthefloor_jlo",
        "time": 143162,
        "duration": 778
    },
    {
        "name": "onthefloor_jlo",
        "time": 144085,
        "duration": 778
    },
    {
        "name": "onthefloor_jlo",
        "time": 145008,
        "duration": 778
    },
    {
        "name": "onthefloor_jlo",
        "time": 145931,
        "duration": 778
    },
    {
        "name": "onthefloor_jlo",
        "time": 146854,
        "duration": 778
    },
    {
        "name": "onthefloor_sideorient",
        "time": 148470,
        "duration": 778
    },
    {
        "name": "onthefloor_sideorient",
        "time": 149393,
        "duration": 778
    },
    {
        "name": "onthefloor_sideorientup",
        "time": 150316,
        "duration": 778
    },
    {
        "name": "onthefloor_sideorientup",
        "time": 151239,
        "duration": 778
    },
    {
        "name": "onthefloor_sideorient",
        "time": 152162,
        "duration": 778
    },
    {
        "name": "onthefloor_sideorient",
        "time": 153085,
        "duration": 778
    },
    {
        "name": "onthefloor_sideorientup",
        "time": 154008,
        "duration": 778
    },
    {
        "name": "onthefloor_sideorientup",
        "time": 154931,
        "duration": 778
    },
    {
        "name": "onthefloor_lambada",
        "time": 156085,
        "duration": 1701
    },
    {
        "name": "onthefloor_pointitdown",
        "time": 157931,
        "duration": 1701
    },
    {
        "name": "onthefloor_calm",
        "time": 159777,
        "duration": 1239
    },
    {
        "name": "onthefloor_lambada",
        "time": 163470,
        "duration": 1701
    },
    {
        "name": "onthefloor_pointitdown",
        "time": 165316,
        "duration": 1701
    },
    {
        "name": "onthefloor_calm",
        "time": 167162,
        "duration": 1239
    },
    {
        "name": "onthefloor_monte",
        "time": 171316,
        "duration": 1701
    },
    {
        "name": "onthefloor_sexyhips",
        "time": 173162,
        "duration": 778
    },
    {
        "name": "onthefloor_sambastart",
        "time": 174085,
        "duration": 778
    },
    {
        "name": "onthefloor_samba",
        "time": 175931,
        "duration": 778
    },
    {
        "name": "onthefloor_hot",
        "time": 178239,
        "duration": 778
    },
    {
        "name": "onthefloor_hot",
        "time": 180085,
        "duration": 778
    },
    {
        "name": "onthefloor_sambastart",
        "time": 181470,
        "duration": 778
    },
    {
        "name": "onthefloor_samba",
        "time": 183316,
        "duration": 778
    },
    {
        "name": "onthefloor_hot",
        "time": 185623,
        "duration": 778
    },
    {
        "name": "onthefloor_hot",
        "time": 187470,
        "duration": 778
    },
    {
        "name": "onthefloor_circle",
        "time": 189777,
        "duration": 1239
    },
    {
        "name": "onthefloor_circleend",
        "time": 191162,
        "duration": 1239
    },
    {
        "name": "onthefloor_shakeitbaby",
        "time": 196700,
        "duration": 547
    },
    {
        "name": "onthefloor_diago",
        "time": 197393,
        "duration": 547
    },
    {
        "name": "onthefloor_shakeitbaby",
        "time": 198547,
        "duration": 547
    },
    {
        "name": "onthefloor_diago",
        "time": 199239,
        "duration": 547
    },
    {
        "name": "onthefloor_shakeitbaby",
        "time": 200393,
        "duration": 547
    },
    {
        "name": "onthefloor_diago",
        "time": 201085,
        "duration": 547
    },
    {
        "name": "onthefloor_shakeitbaby",
        "time": 202239,
        "duration": 547
    },
    {
        "name": "onthefloor_diago",
        "time": 202931,
        "duration": 547
    },
    {
        "name": "onthefloor_star",
        "time": 204085,
        "duration": 1239,
        "goldMove": 1
    },
    {
        "name": "onthefloor_sambastart",
        "time": 207316,
        "duration": 778
    },
    {
        "name": "onthefloor_samba",
        "time": 209162,
        "duration": 778
    },
    {
        "name": "onthefloor_hot",
        "time": 211470,
        "duration": 778
    },
    {
        "name": "onthefloor_hot",
        "time": 213316,
        "duration": 778
    },
    {
        "name": "onthefloor_sambastart",
        "time": 214700,
        "duration": 778
    },
    {
        "name": "onthefloor_samba",
        "time": 216547,
        "duration": 778
    },
    {
        "name": "onthefloor_hot",
        "time": 218854,
        "duration": 778
    },
    {
        "name": "onthefloor_hot",
        "time": 220700,
        "duration": 778
    },
    {
        "name": "onthefloor_sambastart",
        "time": 222085,
        "duration": 778
    },
    {
        "name": "onthefloor_samba",
        "time": 223931,
        "duration": 778
    },
    {
        "name": "onthefloor_hot",
        "time": 226239,
        "duration": 778
    },
    {
        "name": "onthefloor_end",
        "time": 228085,
        "duration": 316,
        "goldMove": 1
    },
    {
        "name": "onthefloor_floor",
        "time": 229239,
        "duration": 778
    }
]