[
    {
        "name": "dance_cordesauter",
        "time": 8795,
        "duration": 831
    },
    {
        "name": "dance_cordesauter",
        "time": 9857,
        "duration": 831
    },
    {
        "name": "dance_cordesauter",
        "time": 10919,
        "duration": 831
    },
    {
        "name": "dance_cordesauter",
        "time": 11981,
        "duration": 831
    },
    {
        "name": "dance_cordesauter",
        "time": 13043,
        "duration": 831
    },
    {
        "name": "dance_cordesauter",
        "time": 14105,
        "duration": 831
    },
    {
        "name": "dance_cordesauter",
        "time": 15167,
        "duration": 831
    },
    {
        "name": "dance_croise",
        "time": 16760,
        "duration": 831
    },
    {
        "name": "dance_croise",
        "time": 17822,
        "duration": 831
    },
    {
        "name": "dance_croise",
        "time": 18883,
        "duration": 831
    },
    {
        "name": "dance_croise",
        "time": 19945,
        "duration": 831
    },
    {
        "name": "dance_pomped",
        "time": 21007,
        "duration": 831
    },
    {
        "name": "dance_pomped",
        "time": 22069,
        "duration": 831
    },
    {
        "name": "dance_pompeg",
        "time": 23131,
        "duration": 831
    },
    {
        "name": "dance_pompeg",
        "time": 24193,
        "duration": 831
    },
    {
        "name": "dance_croise",
        "time": 25255,
        "duration": 831
    },
    {
        "name": "dance_croise",
        "time": 26317,
        "duration": 831
    },
    {
        "name": "dance_croise",
        "time": 27379,
        "duration": 831
    },
    {
        "name": "dance_croise",
        "time": 28441,
        "duration": 831
    },
    {
        "name": "dance_pomped",
        "time": 29502,
        "duration": 831
    },
    {
        "name": "dance_pomped",
        "time": 30564,
        "duration": 831
    },
    {
        "name": "dance_pompeg",
        "time": 31626,
        "duration": 831
    },
    {
        "name": "dance_pompeg",
        "time": 32688,
        "duration": 831
    },
    {
        "name": "dance_croise",
        "time": 33750,
        "duration": 831
    },
    {
        "name": "dance_croise",
        "time": 34820,
        "duration": 831
    },
    {
        "name": "dance_croise",
        "time": 35882,
        "duration": 831
    },
    {
        "name": "dance_croise",
        "time": 36944,
        "duration": 831
    },
    {
        "name": "dance_pomped",
        "time": 38006,
        "duration": 831
    },
    {
        "name": "dance_maindroite",
        "time": 40130,
        "duration": 831
    },
    {
        "name": "dance_mainhaut",
        "time": 41192,
        "duration": 831,
        "goldMove": 1
    },
    {
        "name": "dance_poing",
        "time": 42254,
        "duration": 831
    },
    {
        "name": "dance_poing",
        "time": 44377,
        "duration": 831
    },
    {
        "name": "dance_poing",
        "time": 46504,
        "duration": 831
    },
    {
        "name": "dance_poing",
        "time": 48620,
        "duration": 831
    },
    {
        "name": "dance_shuffleg",
        "time": 51270,
        "duration": 831
    },
    {
        "name": "dance_shuffled",
        "time": 52338,
        "duration": 831
    },
    {
        "name": "dance_shuffleg",
        "time": 53400,
        "duration": 831
    },
    {
        "name": "dance_shuffled",
        "time": 54462,
        "duration": 831
    },
    {
        "name": "dance_shuffleg",
        "time": 55524,
        "duration": 831
    },
    {
        "name": "dance_shuffled",
        "time": 56584,
        "duration": 831
    },
    {
        "name": "dance_shuffleg",
        "time": 57647,
        "duration": 831
    },
    {
        "name": "dance_poing",
        "time": 59251,
        "duration": 831
    },
    {
        "name": "dance_poing",
        "time": 61369,
        "duration": 831
    },
    {
        "name": "dance_poing",
        "time": 63498,
        "duration": 831
    },
    {
        "name": "dance_poing",
        "time": 65621,
        "duration": 831
    },
    {
        "name": "dance_shuffleg",
        "time": 68264,
        "duration": 831
    },
    {
        "name": "dance_shuffled",
        "time": 69328,
        "duration": 831
    },
    {
        "name": "dance_shuffleg",
        "time": 70397,
        "duration": 831
    },
    {
        "name": "dance_shuffled",
        "time": 71458,
        "duration": 831
    },
    {
        "name": "dance_shuffleg",
        "time": 72523,
        "duration": 831
    },
    {
        "name": "dance_shuffled",
        "time": 73587,
        "duration": 831
    },
    {
        "name": "dance_shuffleg",
        "time": 74635,
        "duration": 831
    },
    {
        "name": "dance_shuffled",
        "time": 75704,
        "duration": 831
    },
    {
        "name": "dance_croise",
        "time": 77293,
        "duration": 831
    },
    {
        "name": "dance_croise",
        "time": 78356,
        "duration": 831
    },
    {
        "name": "dance_croise",
        "time": 79425,
        "duration": 831
    },
    {
        "name": "dance_pomped",
        "time": 80486,
        "duration": 831
    },
    {
        "name": "dance_pomped",
        "time": 81540,
        "duration": 831
    },
    {
        "name": "dance_pompeg",
        "time": 82613,
        "duration": 831
    },
    {
        "name": "dance_pompeg",
        "time": 83672,
        "duration": 831
    },
    {
        "name": "dance_croise",
        "time": 84726,
        "duration": 831
    },
    {
        "name": "dance_croise",
        "time": 85799,
        "duration": 831
    },
    {
        "name": "dance_croise",
        "time": 86850,
        "duration": 831
    },
    {
        "name": "dance_croise",
        "time": 87917,
        "duration": 831
    },
    {
        "name": "dance_pomped",
        "time": 88975,
        "duration": 831
    },
    {
        "name": "dance_pomped",
        "time": 90040,
        "duration": 831
    },
    {
        "name": "dance_pompeg",
        "time": 91091,
        "duration": 831
    },
    {
        "name": "dance_pompeg",
        "time": 92159,
        "duration": 831
    },
    {
        "name": "dance_poing",
        "time": 93221,
        "duration": 831
    },
    {
        "name": "dance_poing",
        "time": 95355,
        "duration": 831
    },
    {
        "name": "dance_poing",
        "time": 97469,
        "duration": 831
    },
    {
        "name": "dance_poing",
        "time": 99603,
        "duration": 831
    },
    {
        "name": "dance_shuffleg",
        "time": 102257,
        "duration": 831
    },
    {
        "name": "dance_shuffled",
        "time": 103326,
        "duration": 831
    },
    {
        "name": "dance_shuffleg",
        "time": 104385,
        "duration": 831
    },
    {
        "name": "dance_shuffled",
        "time": 105443,
        "duration": 831
    },
    {
        "name": "dance_shuffleg",
        "time": 106499,
        "duration": 831
    },
    {
        "name": "dance_shuffled",
        "time": 107572,
        "duration": 831
    },
    {
        "name": "dance_shuffleg",
        "time": 108628,
        "duration": 831
    },
    {
        "name": "dance_poing",
        "time": 110222,
        "duration": 831
    },
    {
        "name": "dance_poing",
        "time": 112348,
        "duration": 831
    },
    {
        "name": "dance_poing",
        "time": 114475,
        "duration": 831
    },
    {
        "name": "dance_poing",
        "time": 116600,
        "duration": 831
    },
    {
        "name": "dance_shuffleg",
        "time": 119252,
        "duration": 831
    },
    {
        "name": "dance_shuffled",
        "time": 120303,
        "duration": 831
    },
    {
        "name": "dance_shuffleg",
        "time": 121379,
        "duration": 831
    },
    {
        "name": "dance_shuffled",
        "time": 122435,
        "duration": 831
    },
    {
        "name": "dance_shuffleg",
        "time": 123492,
        "duration": 831
    },
    {
        "name": "dance_shuffled",
        "time": 124566,
        "duration": 831
    },
    {
        "name": "dance_shuffleg",
        "time": 125621,
        "duration": 831
    },
    {
        "name": "dance_pose1",
        "time": 127472,
        "duration": 300
    },
    {
        "name": "dance_pose2",
        "time": 129583,
        "duration": 300
    },
    {
        "name": "dance_pose3",
        "time": 131714,
        "duration": 300
    },
    {
        "name": "dance_pose4",
        "time": 133841,
        "duration": 300
    },
    {
        "name": "dance_pose4vers1",
        "time": 135965,
        "duration": 300
    },
    {
        "name": "dance_pose2",
        "time": 138084,
        "duration": 300
    },
    {
        "name": "dance_pose3",
        "time": 140217,
        "duration": 300
    },
    {
        "name": "dance_pose4",
        "time": 142333,
        "duration": 300
    },
    {
        "name": "dance_croise",
        "time": 144199,
        "duration": 831
    },
    {
        "name": "dance_croise",
        "time": 145263,
        "duration": 831
    },
    {
        "name": "dance_croise",
        "time": 146324,
        "duration": 831
    },
    {
        "name": "dance_croise",
        "time": 147372,
        "duration": 831
    },
    {
        "name": "dance_pomped",
        "time": 148440,
        "duration": 831
    },
    {
        "name": "dance_pomped",
        "time": 149511,
        "duration": 831
    },
    {
        "name": "dance_pompeg",
        "time": 150558,
        "duration": 831
    },
    {
        "name": "dance_pompeg",
        "time": 151634,
        "duration": 831
    },
    {
        "name": "dance_croise",
        "time": 152694,
        "duration": 831
    },
    {
        "name": "dance_croise",
        "time": 153753,
        "duration": 831
    },
    {
        "name": "dance_croise",
        "time": 154808,
        "duration": 831
    },
    {
        "name": "dance_croise",
        "time": 155874,
        "duration": 831
    },
    {
        "name": "dance_pomped",
        "time": 156940,
        "duration": 831
    },
    {
        "name": "dance_maindroite",
        "time": 159059,
        "duration": 831
    },
    {
        "name": "dance_mainhaut",
        "time": 160121,
        "duration": 831,
        "goldMove": 1
    },
    {
        "name": "dance_pose1",
        "time": 161436,
        "duration": 300
    },
    {
        "name": "dance_pose2",
        "time": 163572,
        "duration": 300
    },
    {
        "name": "dance_pose3",
        "time": 165696,
        "duration": 300
    },
    {
        "name": "dance_pose4",
        "time": 167820,
        "duration": 300
    },
    {
        "name": "dance_pose4vers1",
        "time": 169943,
        "duration": 300
    },
    {
        "name": "dance_pose2",
        "time": 172067,
        "duration": 300
    },
    {
        "name": "dance_pose3",
        "time": 174191,
        "duration": 300
    },
    {
        "name": "dance_pose4",
        "time": 176315,
        "duration": 300
    },
    {
        "name": "dance_jackpot",
        "time": 178174,
        "duration": 831
    },
    {
        "name": "dance_jackpottourne",
        "time": 179246,
        "duration": 831
    },
    {
        "name": "dance_jackpot",
        "time": 182432,
        "duration": 831
    },
    {
        "name": "dance_jackpottourne",
        "time": 183486,
        "duration": 831
    },
    {
        "name": "dance_maindroite",
        "time": 184560,
        "duration": 831
    },
    {
        "name": "dance_mainhaut",
        "time": 185618,
        "duration": 831
    },
    {
        "name": "dance_jackpot",
        "time": 186677,
        "duration": 831
    },
    {
        "name": "dance_jackpottourne",
        "time": 187740,
        "duration": 831
    },
    {
        "name": "dance_jackpot",
        "time": 190930,
        "duration": 831
    },
    {
        "name": "dance_maindroite",
        "time": 193055,
        "duration": 831
    },
    {
        "name": "dance_mainhaut",
        "time": 194108,
        "duration": 831,
        "goldMove": 1
    },
    {
        "name": "dance_poing",
        "time": 195180,
        "duration": 831
    },
    {
        "name": "dance_poing",
        "time": 197304,
        "duration": 831
    },
    {
        "name": "dance_poing",
        "time": 199410,
        "duration": 831
    },
    {
        "name": "dance_poing",
        "time": 201546,
        "duration": 831
    },
    {
        "name": "dance_shuffleg",
        "time": 204176,
        "duration": 831
    },
    {
        "name": "dance_shuffled",
        "time": 205263,
        "duration": 831
    },
    {
        "name": "dance_shuffleg",
        "time": 206324,
        "duration": 831
    },
    {
        "name": "dance_shuffled",
        "time": 207393,
        "duration": 831
    },
    {
        "name": "dance_shuffleg",
        "time": 208444,
        "duration": 831
    },
    {
        "name": "dance_shuffled",
        "time": 209500,
        "duration": 831
    },
    {
        "name": "dance_shuffleg",
        "time": 210570,
        "duration": 831
    },
    {
        "name": "dance_pose1",
        "time": 212439,
        "duration": 300
    },
    {
        "name": "dance_pose2",
        "time": 214572,
        "duration": 300
    },
    {
        "name": "dance_pose3",
        "time": 216686,
        "duration": 300
    },
    {
        "name": "dance_pose4",
        "time": 218801,
        "duration": 300
    },
    {
        "name": "dance_pose1",
        "time": 220925,
        "duration": 300
    },
    {
        "name": "dance_pose2",
        "time": 223048,
        "duration": 300
    },
    {
        "name": "dance_pose3",
        "time": 225172,
        "duration": 300
    },
    {
        "name": "dance_pose4",
        "time": 227296,
        "duration": 300
    },
    {
        "name": "dance_cordesauter",
        "time": 229155,
        "duration": 831
    },
    {
        "name": "dance_cordesauter",
        "time": 230217,
        "duration": 831
    },
    {
        "name": "dance_cordesauter",
        "time": 231279,
        "duration": 831
    },
    {
        "name": "dance_cordesauter",
        "time": 232340,
        "duration": 831
    },
    {
        "name": "dance_posefin",
        "time": 233402,
        "duration": 831
    }
]