[
    {
        "name": "toxic_pousse_up",
        "time": 4356,
        "duration": 1419
    },
    {
        "name": "toxic_pousse_up",
        "time": 7713,
        "duration": 1419
    },
    {
        "name": "toxic_pousse_right",
        "time": 9181,
        "duration": 500
    },
    {
        "name": "toxic_pousse_up",
        "time": 11069,
        "duration": 1419
    },
    {
        "name": "toxic_pousse_right",
        "time": 12537,
        "duration": 500
    },
    {
        "name": "toxic_pousse_up",
        "time": 14426,
        "duration": 1419
    },
    {
        "name": "toxic_pousse_far_right",
        "time": 17572,
        "duration": 1000
    },
    {
        "name": "toxic_pousse_far_right",
        "time": 18411,
        "duration": 1000
    },
    {
        "name": "toxic_pousse_far_right",
        "time": 19251,
        "duration": 1000
    },
    {
        "name": "toxic_pousse_far_right",
        "time": 20090,
        "duration": 1000
    },
    {
        "name": "toxic_pousse_far_right",
        "time": 20929,
        "duration": 1000
    },
    {
        "name": "toxic_pousse_far_right",
        "time": 21768,
        "duration": 1000
    },
    {
        "name": "toxic_pousse_circle",
        "time": 22817,
        "duration": 1419
    },
    {
        "name": "toxic_pousse_hot",
        "time": 24915,
        "duration": 750
    },
    {
        "name": "toxic_pousse_up",
        "time": 27852,
        "duration": 1419
    },
    {
        "name": "toxic_pousse_far_right",
        "time": 30159,
        "duration": 1000
    },
    {
        "name": "toxic_pousse_far_right",
        "time": 30998,
        "duration": 1000
    },
    {
        "name": "toxic_pousse_far_right",
        "time": 31838,
        "duration": 1000
    },
    {
        "name": "toxic_pousse_far_right",
        "time": 32677,
        "duration": 1000
    },
    {
        "name": "toxic_pousse_far_right",
        "time": 33516,
        "duration": 1000
    },
    {
        "name": "toxic_pousse_far_right",
        "time": 34355,
        "duration": 1000
    },
    {
        "name": "toxic_pousse_far_right",
        "time": 35194,
        "duration": 1000
    },
    {
        "name": "toxic_pousse_circle",
        "time": 36243,
        "duration": 1419
    },
    {
        "name": "toxic_pousse_hot",
        "time": 38341,
        "duration": 750
    },
    {
        "name": "toxic_pousse_up",
        "time": 41278,
        "duration": 1419
    },
    {
        "name": "toxic_vol_cross",
        "time": 42537,
        "duration": 1000
    },
    {
        "name": "toxic_vol_open",
        "time": 43376,
        "duration": 1000
    },
    {
        "name": "toxic_vol_cross",
        "time": 44215,
        "duration": 1000
    },
    {
        "name": "toxic_vol_open",
        "time": 45054,
        "duration": 1000
    },
    {
        "name": "toxic_vol_cross",
        "time": 45893,
        "duration": 1000
    },
    {
        "name": "toxic_vol_open",
        "time": 46733,
        "duration": 1000
    },
    {
        "name": "toxic_vol_cross",
        "time": 47572,
        "duration": 1000
    },
    {
        "name": "toxic_vol_open",
        "time": 48411,
        "duration": 1000
    },
    {
        "name": "toxic_pousse_circle",
        "time": 49670,
        "duration": 1419
    },
    {
        "name": "toxic_pousse_hot",
        "time": 51767,
        "duration": 750
    },
    {
        "name": "toxic_pousse_up",
        "time": 54704,
        "duration": 1419
    },
    {
        "name": "toxic_tremblote",
        "time": 56383,
        "duration": 2258
    },
    {
        "name": "toxic_toxic_right",
        "time": 59739,
        "duration": 1000
    },
    {
        "name": "toxic_toxic_right",
        "time": 61417,
        "duration": 1000
    },
    {
        "name": "toxic_toxic_shake",
        "time": 62257,
        "duration": 1000
    },
    {
        "name": "toxic_toxic_cross_start",
        "time": 63305,
        "duration": 500
    },
    {
        "name": "toxic_toxic_cross",
        "time": 64144,
        "duration": 1000
    },
    {
        "name": "toxic_toxic_cross",
        "time": 64984,
        "duration": 1000
    },
    {
        "name": "toxic_toxic_right",
        "time": 66452,
        "duration": 1000
    },
    {
        "name": "toxic_toxic_right",
        "time": 68131,
        "duration": 1000
    },
    {
        "name": "toxic_toxic_shake",
        "time": 68970,
        "duration": 1000
    },
    {
        "name": "toxic_toxic_cross_start",
        "time": 70018,
        "duration": 500
    },
    {
        "name": "toxic_toxic_cross",
        "time": 70858,
        "duration": 1000
    },
    {
        "name": "toxic_toxic_cross",
        "time": 71697,
        "duration": 1000
    },
    {
        "name": "toxic_toxic_right",
        "time": 73165,
        "duration": 1000
    },
    {
        "name": "toxic_toxic_right",
        "time": 74844,
        "duration": 1000
    },
    {
        "name": "toxic_you_front",
        "time": 76522,
        "duration": 1000
    },
    {
        "name": "toxic_you_back",
        "time": 78200,
        "duration": 1000
    },
    {
        "name": "toxic_toxic_right",
        "time": 79879,
        "duration": 1000
    },
    {
        "name": "toxic_toxic_right",
        "time": 81557,
        "duration": 1000
    },
    {
        "name": "toxic_pousse_right",
        "time": 83025,
        "duration": 500
    },
    {
        "name": "toxic_pousse_up",
        "time": 84913,
        "duration": 1419
    },
    {
        "name": "toxic_pousse_far_right",
        "time": 88060,
        "duration": 1000
    },
    {
        "name": "toxic_pousse_far_right",
        "time": 88899,
        "duration": 1000
    },
    {
        "name": "toxic_pousse_far_right",
        "time": 89738,
        "duration": 1000
    },
    {
        "name": "toxic_pousse_far_right",
        "time": 90577,
        "duration": 1000
    },
    {
        "name": "toxic_pousse_far_right",
        "time": 91416,
        "duration": 1000
    },
    {
        "name": "toxic_pousse_far_right",
        "time": 92256,
        "duration": 1000
    },
    {
        "name": "toxic_pousse_circle",
        "time": 93305,
        "duration": 1419
    },
    {
        "name": "toxic_pousse_hot",
        "time": 95403,
        "duration": 750
    },
    {
        "name": "toxic_pousse_up",
        "time": 98340,
        "duration": 1419
    },
    {
        "name": "toxic_vol_cross",
        "time": 99598,
        "duration": 1000
    },
    {
        "name": "toxic_vol_open",
        "time": 100437,
        "duration": 1000
    },
    {
        "name": "toxic_vol_cross",
        "time": 101277,
        "duration": 1000
    },
    {
        "name": "toxic_vol_open",
        "time": 102116,
        "duration": 1000
    },
    {
        "name": "toxic_vol_cross",
        "time": 102955,
        "duration": 1000
    },
    {
        "name": "toxic_vol_open",
        "time": 103794,
        "duration": 1000
    },
    {
        "name": "toxic_vol_cross",
        "time": 104633,
        "duration": 1000
    },
    {
        "name": "toxic_vol_open",
        "time": 105472,
        "duration": 1000
    },
    {
        "name": "toxic_pousse_circle",
        "time": 106731,
        "duration": 1419
    },
    {
        "name": "toxic_pousse_hot",
        "time": 108829,
        "duration": 750
    },
    {
        "name": "toxic_pousse_up",
        "time": 111766,
        "duration": 1419
    },
    {
        "name": "toxic_tremblote",
        "time": 113444,
        "duration": 2258
    },
    {
        "name": "toxic_toxic_right",
        "time": 116801,
        "duration": 1000
    },
    {
        "name": "toxic_toxic_right",
        "time": 118479,
        "duration": 1000
    },
    {
        "name": "toxic_toxic_shake",
        "time": 119318,
        "duration": 1000
    },
    {
        "name": "toxic_toxic_cross_start",
        "time": 120367,
        "duration": 500
    },
    {
        "name": "toxic_toxic_cross",
        "time": 121206,
        "duration": 1000
    },
    {
        "name": "toxic_toxic_cross",
        "time": 122045,
        "duration": 1000
    },
    {
        "name": "toxic_toxic_right",
        "time": 123514,
        "duration": 1000
    },
    {
        "name": "toxic_toxic_right",
        "time": 125192,
        "duration": 1000
    },
    {
        "name": "toxic_toxic_shake",
        "time": 126031,
        "duration": 1000
    },
    {
        "name": "toxic_toxic_cross_start",
        "time": 127080,
        "duration": 500
    },
    {
        "name": "toxic_toxic_cross",
        "time": 127919,
        "duration": 1000
    },
    {
        "name": "toxic_toxic_cross",
        "time": 128758,
        "duration": 1000
    },
    {
        "name": "toxic_toxic_right",
        "time": 130227,
        "duration": 1000
    },
    {
        "name": "toxic_toxic_right",
        "time": 131905,
        "duration": 1000
    },
    {
        "name": "toxic_you_front",
        "time": 133583,
        "duration": 1000
    },
    {
        "name": "toxic_you_back",
        "time": 135262,
        "duration": 1000
    },
    {
        "name": "toxic_toxic_right",
        "time": 136940,
        "duration": 1000
    },
    {
        "name": "toxic_toxic_right",
        "time": 138618,
        "duration": 1000
    },
    {
        "name": "toxic_pousse_right",
        "time": 140086,
        "duration": 500
    },
    {
        "name": "toxic_pousse_up",
        "time": 141975,
        "duration": 1419
    },
    {
        "name": "toxic_oriental_up",
        "time": 143653,
        "duration": 1000
    },
    {
        "name": "toxic_oriental_up",
        "time": 144492,
        "duration": 1000
    },
    {
        "name": "toxic_oriental_up",
        "time": 145331,
        "duration": 1000
    },
    {
        "name": "toxic_oriental_open",
        "time": 146590,
        "duration": 1000
    },
    {
        "name": "toxic_oriental_tree",
        "time": 147429,
        "duration": 1000
    },
    {
        "name": "toxic_oriental_open",
        "time": 148268,
        "duration": 1000
    },
    {
        "name": "toxic_oriental_tree",
        "time": 149107,
        "duration": 1000
    },
    {
        "name": "toxic_oriental_up",
        "time": 150366,
        "duration": 1000
    },
    {
        "name": "toxic_oriental_up",
        "time": 151205,
        "duration": 1000
    },
    {
        "name": "toxic_oriental_up",
        "time": 152044,
        "duration": 1000
    },
    {
        "name": "toxic_oriental_open",
        "time": 153303,
        "duration": 1000
    },
    {
        "name": "toxic_oriental_tree",
        "time": 154142,
        "duration": 1000
    },
    {
        "name": "toxic_oriental_open",
        "time": 154981,
        "duration": 1000
    },
    {
        "name": "toxic_oriental_tree",
        "time": 155821,
        "duration": 1000
    },
    {
        "name": "toxic_electro_kick",
        "time": 157079,
        "duration": 500
    },
    {
        "name": "toxic_electro_open",
        "time": 157499,
        "duration": 1000
    },
    {
        "name": "toxic_electro_kick",
        "time": 158758,
        "duration": 500
    },
    {
        "name": "toxic_electro_open",
        "time": 159177,
        "duration": 1000
    },
    {
        "name": "toxic_toxic_shake",
        "time": 162953,
        "duration": 1000
    },
    {
        "name": "toxic_toxic_cross_start",
        "time": 164002,
        "duration": 500
    },
    {
        "name": "toxic_toxic_cross",
        "time": 164841,
        "duration": 1000
    },
    {
        "name": "toxic_toxic_cross",
        "time": 165680,
        "duration": 1000
    },
    {
        "name": "toxic_toxic_right",
        "time": 167149,
        "duration": 1000
    },
    {
        "name": "toxic_toxic_right",
        "time": 168827,
        "duration": 1000
    },
    {
        "name": "toxic_you_front",
        "time": 170505,
        "duration": 1000
    },
    {
        "name": "toxic_you_back",
        "time": 172184,
        "duration": 1000
    },
    {
        "name": "toxic_toxic_right",
        "time": 173862,
        "duration": 1000
    },
    {
        "name": "toxic_toxic_right",
        "time": 175540,
        "duration": 1000
    },
    {
        "name": "toxic_toxic_shake",
        "time": 176379,
        "duration": 1000
    },
    {
        "name": "toxic_toxic_cross_start",
        "time": 177428,
        "duration": 500
    },
    {
        "name": "toxic_toxic_cross",
        "time": 178267,
        "duration": 1000
    },
    {
        "name": "toxic_toxic_cross",
        "time": 179106,
        "duration": 1000
    },
    {
        "name": "toxic_toxic_right",
        "time": 180575,
        "duration": 1000
    },
    {
        "name": "toxic_toxic_right",
        "time": 182253,
        "duration": 1000
    },
    {
        "name": "toxic_you_front",
        "time": 183932,
        "duration": 1000
    },
    {
        "name": "toxic_you_back",
        "time": 185610,
        "duration": 1000
    },
    {
        "name": "toxic_pousse_far_right",
        "time": 187078,
        "duration": 1000
    },
    {
        "name": "toxic_pousse_far_right",
        "time": 187917,
        "duration": 1000
    },
    {
        "name": "toxic_pousse_far_right",
        "time": 188756,
        "duration": 1000
    },
    {
        "name": "toxic_pousse_far_right",
        "time": 189596,
        "duration": 1000
    },
    {
        "name": "toxic_pousse_far_right",
        "time": 190435,
        "duration": 1000
    },
    {
        "name": "toxic_pose_bis",
        "time": 191903,
        "duration": 1000,
        "goldMove": 1
    },
    {
        "name": "toxic_pousse_far_right",
        "time": 193791,
        "duration": 1000
    },
    {
        "name": "toxic_pousse_far_right",
        "time": 194630,
        "duration": 1000
    },
    {
        "name": "toxic_pousse_far_right",
        "time": 195470,
        "duration": 1000
    },
    {
        "name": "toxic_pousse_far_right",
        "time": 196309,
        "duration": 1000
    },
    {
        "name": "toxic_pousse_right",
        "time": 197148,
        "duration": 500
    },
    {
        "name": "toxic_pousse_up",
        "time": 199036,
        "duration": 1419
    }
]