[
    {
        "name": "sos_lalala_left",
        "time": 3759,
        "duration": 750
    },
    {
        "name": "sos_lalala_mid",
        "time": 4417,
        "duration": 1000
    },
    {
        "name": "sos_lalala_right",
        "time": 5294,
        "duration": 1000
    },
    {
        "name": "sos_goldsexy_right",
        "time": 6823,
        "duration": 1000,
        "goldMove": 1
    },
    {
        "name": "sos_lalala_left",
        "time": 10778,
        "duration": 750
    },
    {
        "name": "sos_lalala_mid",
        "time": 11431,
        "duration": 1000
    },
    {
        "name": "sos_lalala_right",
        "time": 12301,
        "duration": 1000
    },
    {
        "name": "sos_goldsexy_right",
        "time": 13830,
        "duration": 1000,
        "goldMove": 1
    },
    {
        "name": "sos_gym_right",
        "time": 17451,
        "duration": 1000
    },
    {
        "name": "sos_gym_right",
        "time": 19198,
        "duration": 1000
    },
    {
        "name": "sos_gym_right",
        "time": 20948,
        "duration": 1000
    },
    {
        "name": "sos_gym_right",
        "time": 22700,
        "duration": 1000
    },
    {
        "name": "sos_bras_left",
        "time": 24452,
        "duration": 1000
    },
    {
        "name": "sos_tochest",
        "time": 25328,
        "duration": 1000
    },
    {
        "name": "sos_bras_right",
        "time": 26204,
        "duration": 1000
    },
    {
        "name": "sos_tochest",
        "time": 27083,
        "duration": 1000
    },
    {
        "name": "sos_bras_left",
        "time": 27959,
        "duration": 1000
    },
    {
        "name": "sos_tochest",
        "time": 28831,
        "duration": 1000
    },
    {
        "name": "sos_bras_right",
        "time": 29708,
        "duration": 1000
    },
    {
        "name": "sos_gym_right",
        "time": 31457,
        "duration": 1000
    },
    {
        "name": "sos_gym_right",
        "time": 33213,
        "duration": 1000
    },
    {
        "name": "sos_gym_right",
        "time": 34962,
        "duration": 1000
    },
    {
        "name": "sos_gym_right",
        "time": 36715,
        "duration": 1000
    },
    {
        "name": "sos_bras_left",
        "time": 38469,
        "duration": 1000
    },
    {
        "name": "sos_tochest",
        "time": 39342,
        "duration": 1000
    },
    {
        "name": "sos_bras_right",
        "time": 40221,
        "duration": 1000
    },
    {
        "name": "sos_tochest",
        "time": 41093,
        "duration": 1000
    },
    {
        "name": "sos_bras_left",
        "time": 41970,
        "duration": 1000
    },
    {
        "name": "sos_tochest",
        "time": 42847,
        "duration": 1000
    },
    {
        "name": "sos_bras_right",
        "time": 43720,
        "duration": 1000
    },
    {
        "name": "sos_sos_start",
        "time": 45473,
        "duration": 1000
    },
    {
        "name": "sos_sos_circle",
        "time": 47115,
        "duration": 2000
    },
    {
        "name": "sos_sos_clap",
        "time": 49316,
        "duration": 1000
    },
    {
        "name": "sos_sos_clap",
        "time": 50189,
        "duration": 1000
    },
    {
        "name": "sos_sos_clap",
        "time": 51066,
        "duration": 1000
    },
    {
        "name": "sos_sos_why",
        "time": 52480,
        "duration": 750
    },
    {
        "name": "sos_sos_you",
        "time": 53137,
        "duration": 750
    },
    {
        "name": "sos_sos_upcircle",
        "time": 54345,
        "duration": 1500
    },
    {
        "name": "sos_sos_clap",
        "time": 56321,
        "duration": 1000
    },
    {
        "name": "sos_sos_clap",
        "time": 57195,
        "duration": 1000
    },
    {
        "name": "sos_sos_clap",
        "time": 58074,
        "duration": 1000
    },
    {
        "name": "sos_sos_start",
        "time": 59484,
        "duration": 1000
    },
    {
        "name": "sos_sos_circle",
        "time": 61126,
        "duration": 2000
    },
    {
        "name": "sos_sos_clap",
        "time": 63330,
        "duration": 1000
    },
    {
        "name": "sos_sos_clap",
        "time": 64202,
        "duration": 1000
    },
    {
        "name": "sos_sos_clap",
        "time": 65081,
        "duration": 1000
    },
    {
        "name": "sos_sos_why",
        "time": 66498,
        "duration": 750
    },
    {
        "name": "sos_sos_you",
        "time": 67155,
        "duration": 750
    },
    {
        "name": "sos_sos_upcircle",
        "time": 68359,
        "duration": 1500
    },
    {
        "name": "sos_sos_clap",
        "time": 70331,
        "duration": 1000
    },
    {
        "name": "sos_sos_clap",
        "time": 71209,
        "duration": 1000
    },
    {
        "name": "sos_sos_clap",
        "time": 72088,
        "duration": 1000
    },
    {
        "name": "sos_tonique_start",
        "time": 73504,
        "duration": 1000
    },
    {
        "name": "sos_tonique_clap",
        "time": 74692,
        "duration": 1000
    },
    {
        "name": "sos_tonique_clap",
        "time": 75591,
        "duration": 1000
    },
    {
        "name": "sos_tonique_clap",
        "time": 76466,
        "duration": 1000
    },
    {
        "name": "sos_tonique_clap",
        "time": 77335,
        "duration": 1000
    },
    {
        "name": "sos_tonique_clap",
        "time": 78216,
        "duration": 1000
    },
    {
        "name": "sos_tonique_start",
        "time": 80512,
        "duration": 1000
    },
    {
        "name": "sos_tonique_clap",
        "time": 81713,
        "duration": 1000
    },
    {
        "name": "sos_tonique_clap",
        "time": 82599,
        "duration": 1000
    },
    {
        "name": "sos_tonique_clap",
        "time": 83474,
        "duration": 1000
    },
    {
        "name": "sos_tonique_clap",
        "time": 84350,
        "duration": 1000
    },
    {
        "name": "sos_tonique_clap",
        "time": 85225,
        "duration": 1000
    },
    {
        "name": "sos_tonique_start",
        "time": 87508,
        "duration": 1000
    },
    {
        "name": "sos_tonique_scissor",
        "time": 89269,
        "duration": 1000
    },
    {
        "name": "sos_tonique_scissor",
        "time": 90145,
        "duration": 1000
    },
    {
        "name": "sos_tonique_scissor",
        "time": 91021,
        "duration": 1000
    },
    {
        "name": "sos_tonique_scissor",
        "time": 91897,
        "duration": 1000
    },
    {
        "name": "sos_tonique_scissor",
        "time": 92768,
        "duration": 1000
    },
    {
        "name": "sos_tonique_start",
        "time": 94528,
        "duration": 1000
    },
    {
        "name": "sos_tonique_scissor",
        "time": 96278,
        "duration": 1000
    },
    {
        "name": "sos_tonique_scissor",
        "time": 97153,
        "duration": 1000
    },
    {
        "name": "sos_tonique_scissor",
        "time": 98034,
        "duration": 1000
    },
    {
        "name": "sos_tonique_scissor",
        "time": 98905,
        "duration": 1000
    },
    {
        "name": "sos_tonique_scissor",
        "time": 99784,
        "duration": 1000
    },
    {
        "name": "sos_gym_right",
        "time": 101533,
        "duration": 1000
    },
    {
        "name": "sos_gym_right",
        "time": 103293,
        "duration": 1000
    },
    {
        "name": "sos_gym_right",
        "time": 105036,
        "duration": 1000
    },
    {
        "name": "sos_gym_right",
        "time": 106787,
        "duration": 1000
    },
    {
        "name": "sos_bras_left",
        "time": 108539,
        "duration": 1000
    },
    {
        "name": "sos_tochest",
        "time": 109415,
        "duration": 1000
    },
    {
        "name": "sos_bras_right",
        "time": 110291,
        "duration": 1000
    },
    {
        "name": "sos_tochest",
        "time": 111172,
        "duration": 1000
    },
    {
        "name": "sos_bras_left",
        "time": 112047,
        "duration": 1000
    },
    {
        "name": "sos_tochest",
        "time": 112919,
        "duration": 1000
    },
    {
        "name": "sos_bras_right",
        "time": 113794,
        "duration": 1000
    },
    {
        "name": "sos_gym_right",
        "time": 115546,
        "duration": 1000
    },
    {
        "name": "sos_gym_right",
        "time": 117297,
        "duration": 1000
    },
    {
        "name": "sos_gym_right",
        "time": 119053,
        "duration": 1000
    },
    {
        "name": "sos_gym_right",
        "time": 120801,
        "duration": 1000
    },
    {
        "name": "sos_bras_left",
        "time": 122553,
        "duration": 1000
    },
    {
        "name": "sos_tochest",
        "time": 123431,
        "duration": 1000
    },
    {
        "name": "sos_bras_right",
        "time": 124305,
        "duration": 1000
    },
    {
        "name": "sos_tochest",
        "time": 125181,
        "duration": 1000
    },
    {
        "name": "sos_bras_left",
        "time": 126058,
        "duration": 1000
    },
    {
        "name": "sos_tochest",
        "time": 126934,
        "duration": 1000
    },
    {
        "name": "sos_bras_right",
        "time": 127807,
        "duration": 1000
    },
    {
        "name": "sos_sos_start",
        "time": 129558,
        "duration": 1000
    },
    {
        "name": "sos_sos_circle",
        "time": 131212,
        "duration": 2000
    },
    {
        "name": "sos_sos_clap",
        "time": 133393,
        "duration": 1000
    },
    {
        "name": "sos_sos_clap",
        "time": 134268,
        "duration": 1000
    },
    {
        "name": "sos_sos_clap",
        "time": 135153,
        "duration": 1000
    },
    {
        "name": "sos_sos_why",
        "time": 136572,
        "duration": 750
    },
    {
        "name": "sos_sos_you",
        "time": 137228,
        "duration": 750
    },
    {
        "name": "sos_sos_upcircle",
        "time": 138433,
        "duration": 1500
    },
    {
        "name": "sos_sos_clap",
        "time": 140407,
        "duration": 1000
    },
    {
        "name": "sos_sos_clap",
        "time": 141280,
        "duration": 1000
    },
    {
        "name": "sos_sos_clap",
        "time": 142150,
        "duration": 1000
    },
    {
        "name": "sos_tonique_start",
        "time": 143574,
        "duration": 1000
    },
    {
        "name": "sos_tonique_clap",
        "time": 144782,
        "duration": 1000
    },
    {
        "name": "sos_tonique_clap",
        "time": 145663,
        "duration": 1000
    },
    {
        "name": "sos_tonique_clap",
        "time": 146536,
        "duration": 1000
    },
    {
        "name": "sos_tonique_clap",
        "time": 147414,
        "duration": 1000
    },
    {
        "name": "sos_tonique_clap",
        "time": 148287,
        "duration": 1000
    },
    {
        "name": "sos_tonique_start",
        "time": 150580,
        "duration": 1000
    },
    {
        "name": "sos_tonique_clap",
        "time": 151787,
        "duration": 1000
    },
    {
        "name": "sos_tonique_clap",
        "time": 152669,
        "duration": 1000
    },
    {
        "name": "sos_tonique_clap",
        "time": 153534,
        "duration": 1000
    },
    {
        "name": "sos_tonique_clap",
        "time": 154409,
        "duration": 1000
    },
    {
        "name": "sos_tonique_clap",
        "time": 155295,
        "duration": 1000
    },
    {
        "name": "sos_tonique_start",
        "time": 157588,
        "duration": 1000
    },
    {
        "name": "sos_tonique_scissor",
        "time": 159341,
        "duration": 1000
    },
    {
        "name": "sos_tonique_scissor",
        "time": 160217,
        "duration": 1000
    },
    {
        "name": "sos_tonique_scissor",
        "time": 161089,
        "duration": 1000
    },
    {
        "name": "sos_tonique_scissor",
        "time": 161971,
        "duration": 1000
    },
    {
        "name": "sos_tonique_scissor",
        "time": 162847,
        "duration": 1000
    },
    {
        "name": "sos_tonique_start",
        "time": 164598,
        "duration": 1000
    },
    {
        "name": "sos_tonique_scissor",
        "time": 166348,
        "duration": 1000
    },
    {
        "name": "sos_tonique_scissor",
        "time": 167227,
        "duration": 1000
    },
    {
        "name": "sos_tonique_scissor",
        "time": 168102,
        "duration": 1000
    },
    {
        "name": "sos_tonique_scissor",
        "time": 168976,
        "duration": 1000
    },
    {
        "name": "sos_tonique_scissor",
        "time": 169860,
        "duration": 1000
    },
    {
        "name": "sos_goldsexy_right",
        "time": 171493,
        "duration": 1000,
        "goldMove": 1
    },
    {
        "name": "sos_sexy_up",
        "time": 178611,
        "duration": 1000
    },
    {
        "name": "sos_sexy_up",
        "time": 180364,
        "duration": 1000
    },
    {
        "name": "sos_sexy_up",
        "time": 182116,
        "duration": 1000
    },
    {
        "name": "sos_sexy_up",
        "time": 183868,
        "duration": 1000
    },
    {
        "name": "sos_sos_start",
        "time": 185618,
        "duration": 1000
    },
    {
        "name": "sos_sos_circle",
        "time": 187261,
        "duration": 2000
    },
    {
        "name": "sos_sos_clap",
        "time": 189457,
        "duration": 1000
    },
    {
        "name": "sos_sos_clap",
        "time": 190333,
        "duration": 1000
    },
    {
        "name": "sos_sos_clap",
        "time": 191209,
        "duration": 1000
    },
    {
        "name": "sos_sos_why",
        "time": 192631,
        "duration": 750
    },
    {
        "name": "sos_sos_you",
        "time": 193284,
        "duration": 750
    },
    {
        "name": "sos_sos_upcircle",
        "time": 194489,
        "duration": 1500
    },
    {
        "name": "sos_sos_clap",
        "time": 196463,
        "duration": 1000
    },
    {
        "name": "sos_sos_clap",
        "time": 197338,
        "duration": 1000
    },
    {
        "name": "sos_sos_clap",
        "time": 198214,
        "duration": 1000
    },
    {
        "name": "sos_tonique_start",
        "time": 199637,
        "duration": 1000
    },
    {
        "name": "sos_tonique_clap",
        "time": 200841,
        "duration": 1000
    },
    {
        "name": "sos_tonique_clap",
        "time": 201717,
        "duration": 1000
    },
    {
        "name": "sos_tonique_clap",
        "time": 202593,
        "duration": 1000
    },
    {
        "name": "sos_tonique_clap",
        "time": 203468,
        "duration": 1000
    },
    {
        "name": "sos_tonique_clap",
        "time": 204344,
        "duration": 1000
    },
    {
        "name": "sos_tonique_start",
        "time": 206643,
        "duration": 1000
    },
    {
        "name": "sos_tonique_clap",
        "time": 207847,
        "duration": 1000
    },
    {
        "name": "sos_tonique_clap",
        "time": 208733,
        "duration": 1000
    },
    {
        "name": "sos_tonique_clap",
        "time": 209605,
        "duration": 1000
    },
    {
        "name": "sos_tonique_clap",
        "time": 210474,
        "duration": 1000
    },
    {
        "name": "sos_tonique_clap",
        "time": 211357,
        "duration": 1000
    },
    {
        "name": "sos_tonique_start",
        "time": 213648,
        "duration": 1000
    },
    {
        "name": "sos_tonique_scissor",
        "time": 215403,
        "duration": 1000
    },
    {
        "name": "sos_tonique_scissor",
        "time": 216278,
        "duration": 1000
    },
    {
        "name": "sos_tonique_scissor",
        "time": 217153,
        "duration": 1000
    },
    {
        "name": "sos_tonique_scissor",
        "time": 218028,
        "duration": 1000
    },
    {
        "name": "sos_tonique_scissor",
        "time": 218904,
        "duration": 1000
    },
    {
        "name": "sos_tonique_start",
        "time": 220657,
        "duration": 1000
    },
    {
        "name": "sos_tonique_scissor",
        "time": 222409,
        "duration": 1000
    },
    {
        "name": "sos_tonique_scissor",
        "time": 223283,
        "duration": 1000
    },
    {
        "name": "sos_tonique_scissor",
        "time": 224158,
        "duration": 1000
    },
    {
        "name": "sos_tonique_scissor",
        "time": 225035,
        "duration": 1000
    },
    {
        "name": "sos_tonique_scissor",
        "time": 225915,
        "duration": 1000
    },
    {
        "name": "sos_lalala_left",
        "time": 227991,
        "duration": 750
    },
    {
        "name": "sos_lalala_mid",
        "time": 228657,
        "duration": 1000
    },
    {
        "name": "sos_lalala_right",
        "time": 229530,
        "duration": 1000
    },
    {
        "name": "sos_goldsexy_right",
        "time": 231061,
        "duration": 1000,
        "goldMove": 1
    },
    {
        "name": "sos_lalala_left",
        "time": 235007,
        "duration": 750
    },
    {
        "name": "sos_lalala_mid",
        "time": 235664,
        "duration": 1000
    },
    {
        "name": "sos_lalala_right",
        "time": 236537,
        "duration": 1000
    },
    {
        "name": "sos_goldsexy_right",
        "time": 238066,
        "duration": 1000,
        "goldMove": 1
    }
]