[
    {
        "name": "whyowhy_1_fingerclap",
        "time": 15164,
        "duration": 1498
    },
    {
        "name": "whyowhy_1_fingerclap",
        "time": 16663,
        "duration": 1498
    },
    {
        "name": "whyowhy_1_fingerclap",
        "time": 18146,
        "duration": 1498
    },
    {
        "name": "whyowhy_1_fingerclap",
        "time": 19655,
        "duration": 1498
    },
    {
        "name": "whyowhy_1_sexybody",
        "time": 21161,
        "duration": 1498
    },
    {
        "name": "whyowhy_1_readytofly",
        "time": 22657,
        "duration": 2248
    },
    {
        "name": "whyowhy_1_shouldershake",
        "time": 24910,
        "duration": 2248
    },
    {
        "name": "whyowhy_1_fingeronetwo",
        "time": 27165,
        "duration": 1498
    },
    {
        "name": "whyowhy_littlecircle",
        "time": 28665,
        "duration": 1498
    },
    {
        "name": "whyowhy_1_fingeronetwo",
        "time": 30162,
        "duration": 1498
    },
    {
        "name": "whyowhy_littlecircle",
        "time": 31656,
        "duration": 1498
    },
    {
        "name": "whyowhy_frontwave",
        "time": 34308,
        "duration": 1498
    },
    {
        "name": "whyowhy_rolling",
        "time": 42161,
        "duration": 1498
    },
    {
        "name": "whyowhy_rolling",
        "time": 43667,
        "duration": 1498
    },
    {
        "name": "whyowhy_balancingl",
        "time": 45910,
        "duration": 1498
    },
    {
        "name": "whyowhy_balancingr",
        "time": 47423,
        "duration": 1498
    },
    {
        "name": "whyowhy_1_seekinga",
        "time": 48919,
        "duration": 1498,
        "goldMove": 1
    },
    {
        "name": "whyowhy_why",
        "time": 51156,
        "duration": 1498
    },
    {
        "name": "whyowhy_retardedbird",
        "time": 54174,
        "duration": 1498
    },
    {
        "name": "whyowhy_rainbowarms",
        "time": 55666,
        "duration": 1498
    },
    {
        "name": "whyowhy_powerarm",
        "time": 57168,
        "duration": 749
    },
    {
        "name": "whyowhy_powerarmdouble",
        "time": 58663,
        "duration": 1498
    },
    {
        "name": "whyowhy_sexyhips",
        "time": 60162,
        "duration": 1498
    },
    {
        "name": "whyowhy_why",
        "time": 63152,
        "duration": 1498
    },
    {
        "name": "whyowhy_retardedbird",
        "time": 66168,
        "duration": 1498
    },
    {
        "name": "whyowhy_rainbowarms",
        "time": 67662,
        "duration": 1498
    },
    {
        "name": "whyowhy_powerarm",
        "time": 69169,
        "duration": 749
    },
    {
        "name": "whyowhy_powerarmdouble",
        "time": 70663,
        "duration": 1498
    },
    {
        "name": "whyowhy_1_fingerclap",
        "time": 75171,
        "duration": 1498
    },
    {
        "name": "whyowhy_1_fingerclap",
        "time": 76669,
        "duration": 1498
    },
    {
        "name": "whyowhy_1_fingerclap",
        "time": 78169,
        "duration": 1498
    },
    {
        "name": "whyowhy_1_fingerclap",
        "time": 79667,
        "duration": 1498
    },
    {
        "name": "whyowhy_1_sexybody",
        "time": 81164,
        "duration": 1498
    },
    {
        "name": "whyowhy_1_readytofly",
        "time": 82654,
        "duration": 2248
    },
    {
        "name": "whyowhy_1_shouldershake",
        "time": 84912,
        "duration": 2248
    },
    {
        "name": "whyowhy_1_fingeronetwo",
        "time": 87164,
        "duration": 1498
    },
    {
        "name": "whyowhy_littlecircle",
        "time": 88663,
        "duration": 1498
    },
    {
        "name": "whyowhy_1_fingeronetwo",
        "time": 90166,
        "duration": 1498
    },
    {
        "name": "whyowhy_littlecircle",
        "time": 91660,
        "duration": 1498
    },
    {
        "name": "whyowhy_twix",
        "time": 94652,
        "duration": 1498,
        "goldMove": 1
    },
    {
        "name": "whyowhy_1_iwantyoua",
        "time": 99154,
        "duration": 1498
    },
    {
        "name": "whyowhy_1_iwantyoub",
        "time": 102155,
        "duration": 1498
    },
    {
        "name": "whyowhy_balancingl",
        "time": 105899,
        "duration": 1498
    },
    {
        "name": "whyowhy_balancingr",
        "time": 107394,
        "duration": 1498
    },
    {
        "name": "whyowhy_1_seekingb",
        "time": 108905,
        "duration": 1498,
        "goldMove": 1
    },
    {
        "name": "whyowhy_why",
        "time": 111155,
        "duration": 1498
    },
    {
        "name": "whyowhy_retardedbird",
        "time": 114158,
        "duration": 1498
    },
    {
        "name": "whyowhy_rainbowarms",
        "time": 115654,
        "duration": 1498
    },
    {
        "name": "whyowhy_powerarm",
        "time": 117155,
        "duration": 749
    },
    {
        "name": "whyowhy_powerarmdouble",
        "time": 118651,
        "duration": 1498
    },
    {
        "name": "whyowhy_sexyhips",
        "time": 120168,
        "duration": 1498
    },
    {
        "name": "whyowhy_why",
        "time": 123150,
        "duration": 1498
    },
    {
        "name": "whyowhy_retardedbird",
        "time": 126167,
        "duration": 1498
    },
    {
        "name": "whyowhy_rainbowarms",
        "time": 127670,
        "duration": 1498
    },
    {
        "name": "whyowhy_powerarm",
        "time": 129169,
        "duration": 749
    },
    {
        "name": "whyowhy_powerarmdouble",
        "time": 130664,
        "duration": 1498
    },
    {
        "name": "whyowhy_sexyhips",
        "time": 132163,
        "duration": 1498
    },
    {
        "name": "whyowhy_balancingl",
        "time": 141905,
        "duration": 1498
    },
    {
        "name": "whyowhy_balancingr",
        "time": 143405,
        "duration": 1498
    },
    {
        "name": "whyowhy_balancingl",
        "time": 144911,
        "duration": 1498
    },
    {
        "name": "whyowhy_why",
        "time": 147170,
        "duration": 1498
    },
    {
        "name": "whyowhy_retardedbird",
        "time": 150165,
        "duration": 1498
    },
    {
        "name": "whyowhy_rainbowarms",
        "time": 151659,
        "duration": 1498
    },
    {
        "name": "whyowhy_powerarm",
        "time": 153157,
        "duration": 749
    },
    {
        "name": "whyowhy_powerarmdouble",
        "time": 154654,
        "duration": 1498
    },
    {
        "name": "whyowhy_sexyhips",
        "time": 156170,
        "duration": 1498
    }
]