[
    {
        "name": "umbrella_openhand_intro",
        "time": 4330,
        "duration": 896
    },
    {
        "name": "umbrella_openhand",
        "time": 6409,
        "duration": 1586
    },
    {
        "name": "umbrella_openhand",
        "time": 9168,
        "duration": 1586
    },
    {
        "name": "umbrella_openhand",
        "time": 11926,
        "duration": 1586
    },
    {
        "name": "umbrella_clapup",
        "time": 15029,
        "duration": 896
    },
    {
        "name": "umbrella_clapdwn",
        "time": 15719,
        "duration": 896
    },
    {
        "name": "umbrella_slowdwn_intro",
        "time": 17443,
        "duration": 896
    },
    {
        "name": "umbrella_slowdwn",
        "time": 18133,
        "duration": 2275
    },
    {
        "name": "umbrella_clapup",
        "time": 20547,
        "duration": 896
    },
    {
        "name": "umbrella_clapdwn",
        "time": 21236,
        "duration": 896
    },
    {
        "name": "umbrella_clapup",
        "time": 26064,
        "duration": 896
    },
    {
        "name": "umbrella_clapdwn",
        "time": 26753,
        "duration": 896
    },
    {
        "name": "umbrella_slowdwn_intro",
        "time": 28478,
        "duration": 896
    },
    {
        "name": "umbrella_slowdwn",
        "time": 29167,
        "duration": 2275
    },
    {
        "name": "umbrella_clapup",
        "time": 31581,
        "duration": 896
    },
    {
        "name": "umbrella_clapdwn",
        "time": 32271,
        "duration": 896
    },
    {
        "name": "umbrella_bodydwn",
        "time": 37098,
        "duration": 896
    },
    {
        "name": "umbrella_bodyup",
        "time": 37788,
        "duration": 1586
    },
    {
        "name": "umbrella_poseleft",
        "time": 39167,
        "duration": 896
    },
    {
        "name": "umbrella_bodydwn",
        "time": 39857,
        "duration": 896
    },
    {
        "name": "umbrella_bodyup",
        "time": 40546,
        "duration": 1586
    },
    {
        "name": "umbrella_poseright",
        "time": 41926,
        "duration": 896
    },
    {
        "name": "umbrella_bodydwn",
        "time": 42615,
        "duration": 896
    },
    {
        "name": "umbrella_bodyup",
        "time": 43305,
        "duration": 1586
    },
    {
        "name": "umbrella_poseleft",
        "time": 44684,
        "duration": 896
    },
    {
        "name": "umbrella_bodydwn",
        "time": 45374,
        "duration": 896
    },
    {
        "name": "umbrella_bodyup",
        "time": 46064,
        "duration": 1586
    },
    {
        "name": "umbrella_poseright",
        "time": 47443,
        "duration": 896
    },
    {
        "name": "umbrella_rotatearmr",
        "time": 48132,
        "duration": 2275
    },
    {
        "name": "umbrella_punchdwn",
        "time": 50201,
        "duration": 896
    },
    {
        "name": "umbrella_rotatearmr",
        "time": 53650,
        "duration": 2275
    },
    {
        "name": "umbrella_punchdwn",
        "time": 55719,
        "duration": 896
    },
    {
        "name": "umbrella_taperight",
        "time": 59167,
        "duration": 896
    },
    {
        "name": "umbrella_tapeleft",
        "time": 59856,
        "duration": 896
    },
    {
        "name": "umbrella_taperight",
        "time": 60546,
        "duration": 896
    },
    {
        "name": "umbrella_tapeleft",
        "time": 61236,
        "duration": 896
    },
    {
        "name": "umbrella_handr_up",
        "time": 61925,
        "duration": 896
    },
    {
        "name": "umbrella_handr_up",
        "time": 63305,
        "duration": 896
    },
    {
        "name": "umbrella_punchright",
        "time": 64684,
        "duration": 896
    },
    {
        "name": "umbrella_punchleft",
        "time": 65374,
        "duration": 896
    },
    {
        "name": "umbrella_chestl",
        "time": 66063,
        "duration": 896
    },
    {
        "name": "umbrella_chestl",
        "time": 66753,
        "duration": 896
    },
    {
        "name": "umbrella_punchright",
        "time": 67443,
        "duration": 896
    },
    {
        "name": "umbrella_punchleft",
        "time": 68132,
        "duration": 896
    },
    {
        "name": "umbrella_chestr",
        "time": 68822,
        "duration": 896
    },
    {
        "name": "umbrella_chestr",
        "time": 69511,
        "duration": 896
    },
    {
        "name": "umbrella_taperight",
        "time": 70201,
        "duration": 896
    },
    {
        "name": "umbrella_tapeleft",
        "time": 70891,
        "duration": 896
    },
    {
        "name": "umbrella_taperight",
        "time": 71580,
        "duration": 896
    },
    {
        "name": "umbrella_tapeleft",
        "time": 72270,
        "duration": 896
    },
    {
        "name": "umbrella_handr_up",
        "time": 72960,
        "duration": 896
    },
    {
        "name": "umbrella_handr_up",
        "time": 74339,
        "duration": 896
    },
    {
        "name": "umbrella_punchright",
        "time": 75718,
        "duration": 896
    },
    {
        "name": "umbrella_punchleft",
        "time": 76408,
        "duration": 896
    },
    {
        "name": "umbrella_chestl",
        "time": 77098,
        "duration": 896
    },
    {
        "name": "umbrella_chestl",
        "time": 77787,
        "duration": 896
    },
    {
        "name": "umbrella_punchright",
        "time": 78477,
        "duration": 896
    },
    {
        "name": "umbrella_punchleft",
        "time": 79167,
        "duration": 896
    },
    {
        "name": "umbrella_chestr",
        "time": 79856,
        "duration": 896
    },
    {
        "name": "umbrella_chestr",
        "time": 80546,
        "duration": 896
    },
    {
        "name": "umbrella_balancer_rear",
        "time": 81235,
        "duration": 896
    },
    {
        "name": "umbrella_balancer_front",
        "time": 81925,
        "duration": 896
    },
    {
        "name": "umbrella_balancer_rear",
        "time": 82615,
        "duration": 896
    },
    {
        "name": "umbrella_balanceopen_right",
        "time": 83304,
        "duration": 896
    },
    {
        "name": "umbrella_push_right",
        "time": 83994,
        "duration": 896
    },
    {
        "name": "umbrella_push_right",
        "time": 84684,
        "duration": 896
    },
    {
        "name": "umbrella_balancel_rear",
        "time": 86753,
        "duration": 896
    },
    {
        "name": "umbrella_balancel_front",
        "time": 87442,
        "duration": 896
    },
    {
        "name": "umbrella_balancel_rear",
        "time": 88132,
        "duration": 896
    },
    {
        "name": "umbrella_balanceopen_left",
        "time": 88822,
        "duration": 896
    },
    {
        "name": "umbrella_push_left",
        "time": 89511,
        "duration": 896
    },
    {
        "name": "umbrella_push_left",
        "time": 90201,
        "duration": 896
    },
    {
        "name": "umbrella_balancer_rear",
        "time": 92270,
        "duration": 896
    },
    {
        "name": "umbrella_balancer_front",
        "time": 92959,
        "duration": 896
    },
    {
        "name": "umbrella_balancer_rear",
        "time": 93649,
        "duration": 896
    },
    {
        "name": "umbrella_balanceopen_right",
        "time": 94339,
        "duration": 896
    },
    {
        "name": "umbrella_push_right",
        "time": 95028,
        "duration": 896
    },
    {
        "name": "umbrella_push_right",
        "time": 95718,
        "duration": 896
    },
    {
        "name": "umbrella_balancel_rear",
        "time": 97787,
        "duration": 896
    },
    {
        "name": "umbrella_balancel_front",
        "time": 98477,
        "duration": 896
    },
    {
        "name": "umbrella_balancel_rear",
        "time": 99166,
        "duration": 896
    },
    {
        "name": "umbrella_balancel_front",
        "time": 99856,
        "duration": 896
    },
    {
        "name": "umbrella_push_left",
        "time": 100546,
        "duration": 896
    },
    {
        "name": "umbrella_push_left",
        "time": 101235,
        "duration": 896
    },
    {
        "name": "umbrella_bodydwn",
        "time": 103304,
        "duration": 896
    },
    {
        "name": "umbrella_bodyup",
        "time": 103994,
        "duration": 1586
    },
    {
        "name": "umbrella_poseleft",
        "time": 105373,
        "duration": 896
    },
    {
        "name": "umbrella_bodydwn",
        "time": 106063,
        "duration": 896
    },
    {
        "name": "umbrella_bodyup",
        "time": 106752,
        "duration": 1586
    },
    {
        "name": "umbrella_poseright",
        "time": 108132,
        "duration": 896
    },
    {
        "name": "umbrella_bodydwn",
        "time": 108821,
        "duration": 896
    },
    {
        "name": "umbrella_bodyup",
        "time": 109511,
        "duration": 1586
    },
    {
        "name": "umbrella_poseleft",
        "time": 110890,
        "duration": 896
    },
    {
        "name": "umbrella_bodydwn",
        "time": 111580,
        "duration": 896
    },
    {
        "name": "umbrella_bodyup",
        "time": 112270,
        "duration": 1586
    },
    {
        "name": "umbrella_poseright",
        "time": 113649,
        "duration": 896
    },
    {
        "name": "umbrella_rotatearmr",
        "time": 114338,
        "duration": 2275
    },
    {
        "name": "umbrella_punchdwn",
        "time": 116407,
        "duration": 896
    },
    {
        "name": "umbrella_rotatearmr",
        "time": 119856,
        "duration": 2275
    },
    {
        "name": "umbrella_punchdwn",
        "time": 121925,
        "duration": 896
    },
    {
        "name": "umbrella_taperight",
        "time": 125373,
        "duration": 896
    },
    {
        "name": "umbrella_tapeleft",
        "time": 126062,
        "duration": 896
    },
    {
        "name": "umbrella_taperight",
        "time": 126752,
        "duration": 896
    },
    {
        "name": "umbrella_tapeleft",
        "time": 127442,
        "duration": 896
    },
    {
        "name": "umbrella_handr_up",
        "time": 128131,
        "duration": 896
    },
    {
        "name": "umbrella_handr_up",
        "time": 129511,
        "duration": 896
    },
    {
        "name": "umbrella_punchright",
        "time": 130890,
        "duration": 896
    },
    {
        "name": "umbrella_punchleft",
        "time": 131580,
        "duration": 896
    },
    {
        "name": "umbrella_chestl",
        "time": 132269,
        "duration": 896
    },
    {
        "name": "umbrella_chestl",
        "time": 132959,
        "duration": 896
    },
    {
        "name": "umbrella_punchright",
        "time": 133649,
        "duration": 896
    },
    {
        "name": "umbrella_punchleft",
        "time": 134338,
        "duration": 896
    },
    {
        "name": "umbrella_chestr",
        "time": 135028,
        "duration": 896
    },
    {
        "name": "umbrella_chestr",
        "time": 135717,
        "duration": 896
    },
    {
        "name": "umbrella_taperight",
        "time": 136407,
        "duration": 896
    },
    {
        "name": "umbrella_tapeleft",
        "time": 137097,
        "duration": 896
    },
    {
        "name": "umbrella_taperight",
        "time": 137786,
        "duration": 896
    },
    {
        "name": "umbrella_tapeleft",
        "time": 138476,
        "duration": 896
    },
    {
        "name": "umbrella_handr_up",
        "time": 139166,
        "duration": 896
    },
    {
        "name": "umbrella_handr_up",
        "time": 140545,
        "duration": 896
    },
    {
        "name": "umbrella_punchright",
        "time": 141924,
        "duration": 896
    },
    {
        "name": "umbrella_punchleft",
        "time": 142614,
        "duration": 896
    },
    {
        "name": "umbrella_chestl",
        "time": 143304,
        "duration": 896
    },
    {
        "name": "umbrella_chestl",
        "time": 143993,
        "duration": 896
    },
    {
        "name": "umbrella_punchright",
        "time": 144683,
        "duration": 896
    },
    {
        "name": "umbrella_punchleft",
        "time": 145373,
        "duration": 896
    },
    {
        "name": "umbrella_chestr",
        "time": 146062,
        "duration": 896
    },
    {
        "name": "umbrella_chestr",
        "time": 146752,
        "duration": 896
    },
    {
        "name": "umbrella_balancer_rear",
        "time": 147441,
        "duration": 896
    },
    {
        "name": "umbrella_balancer_front",
        "time": 148131,
        "duration": 896
    },
    {
        "name": "umbrella_balancer_rear",
        "time": 148821,
        "duration": 896
    },
    {
        "name": "umbrella_balanceopen_right",
        "time": 149510,
        "duration": 896
    },
    {
        "name": "umbrella_push_right",
        "time": 150200,
        "duration": 896
    },
    {
        "name": "umbrella_push_right",
        "time": 150890,
        "duration": 896
    },
    {
        "name": "umbrella_balancel_rear",
        "time": 152959,
        "duration": 896
    },
    {
        "name": "umbrella_balancel_front",
        "time": 153648,
        "duration": 896
    },
    {
        "name": "umbrella_balancel_rear",
        "time": 154338,
        "duration": 896
    },
    {
        "name": "umbrella_balanceopen_left",
        "time": 155028,
        "duration": 896
    },
    {
        "name": "umbrella_push_left",
        "time": 155717,
        "duration": 896
    },
    {
        "name": "umbrella_push_left",
        "time": 156407,
        "duration": 896
    },
    {
        "name": "umbrella_balancer_rear",
        "time": 158476,
        "duration": 896
    },
    {
        "name": "umbrella_balancer_front",
        "time": 159165,
        "duration": 896
    },
    {
        "name": "umbrella_balancer_rear",
        "time": 159855,
        "duration": 896
    },
    {
        "name": "umbrella_balanceopen_right",
        "time": 160545,
        "duration": 896
    },
    {
        "name": "umbrella_push_right",
        "time": 161234,
        "duration": 896
    },
    {
        "name": "umbrella_push_right",
        "time": 161924,
        "duration": 896
    },
    {
        "name": "umbrella_balancel_rear",
        "time": 163993,
        "duration": 896
    },
    {
        "name": "umbrella_balancel_front",
        "time": 164683,
        "duration": 896
    },
    {
        "name": "umbrella_balancel_rear",
        "time": 165372,
        "duration": 896
    },
    {
        "name": "umbrella_balanceopen_left",
        "time": 166062,
        "duration": 896
    },
    {
        "name": "umbrella_push_left",
        "time": 166752,
        "duration": 896
    },
    {
        "name": "umbrella_push_left",
        "time": 167441,
        "duration": 896
    },
    {
        "name": "umbrella_fingerclap_intro",
        "time": 169855,
        "duration": 1586
    },
    {
        "name": "umbrella_fingerclap_dwn",
        "time": 171234,
        "duration": 1586
    },
    {
        "name": "umbrella_fingerclap_up",
        "time": 172614,
        "duration": 1586
    },
    {
        "name": "umbrella_fingerclap_dwn",
        "time": 173993,
        "duration": 1586
    },
    {
        "name": "umbrella_fingerclap_up",
        "time": 175372,
        "duration": 1586
    },
    {
        "name": "umbrella_fingerclap_dwn",
        "time": 176752,
        "duration": 1586
    },
    {
        "name": "umbrella_fingerclap_up",
        "time": 178131,
        "duration": 1586
    },
    {
        "name": "umbrella_fingerclap_dwn",
        "time": 179510,
        "duration": 1586
    },
    {
        "name": "umbrella_raisearm",
        "time": 183648,
        "duration": 1586
    },
    {
        "name": "umbrella_lowerarm",
        "time": 185027,
        "duration": 1586
    },
    {
        "name": "umbrella_armsuptodwn",
        "time": 188476,
        "duration": 2275,
        "goldMove": 1
    },
    {
        "name": "umbrella_taperight",
        "time": 191579,
        "duration": 896
    },
    {
        "name": "umbrella_tapeleft",
        "time": 192268,
        "duration": 896
    },
    {
        "name": "umbrella_taperight",
        "time": 192958,
        "duration": 896
    },
    {
        "name": "umbrella_tapeleft",
        "time": 193648,
        "duration": 896
    },
    {
        "name": "umbrella_handr_up",
        "time": 194337,
        "duration": 896
    },
    {
        "name": "umbrella_handr_up",
        "time": 195717,
        "duration": 896
    },
    {
        "name": "umbrella_punchright",
        "time": 197096,
        "duration": 896
    },
    {
        "name": "umbrella_punchleft",
        "time": 197786,
        "duration": 896
    },
    {
        "name": "umbrella_chestl",
        "time": 198475,
        "duration": 896
    },
    {
        "name": "umbrella_chestl",
        "time": 199165,
        "duration": 896
    },
    {
        "name": "umbrella_punchright",
        "time": 199855,
        "duration": 896
    },
    {
        "name": "umbrella_punchleft",
        "time": 200544,
        "duration": 896
    },
    {
        "name": "umbrella_chestr",
        "time": 201234,
        "duration": 896
    },
    {
        "name": "umbrella_chestr",
        "time": 201923,
        "duration": 896
    },
    {
        "name": "umbrella_taperight",
        "time": 202613,
        "duration": 896
    },
    {
        "name": "umbrella_tapeleft",
        "time": 203303,
        "duration": 896
    },
    {
        "name": "umbrella_taperight",
        "time": 203992,
        "duration": 896
    },
    {
        "name": "umbrella_tapeleft",
        "time": 204682,
        "duration": 896
    },
    {
        "name": "umbrella_handr_up",
        "time": 205372,
        "duration": 896
    },
    {
        "name": "umbrella_handr_up",
        "time": 206751,
        "duration": 896
    },
    {
        "name": "umbrella_punchright",
        "time": 208130,
        "duration": 896
    },
    {
        "name": "umbrella_punchleft",
        "time": 208820,
        "duration": 896
    },
    {
        "name": "umbrella_chestl",
        "time": 209510,
        "duration": 896
    },
    {
        "name": "umbrella_chestl",
        "time": 210199,
        "duration": 896
    },
    {
        "name": "umbrella_punchright",
        "time": 210889,
        "duration": 896
    },
    {
        "name": "umbrella_punchleft",
        "time": 211579,
        "duration": 896
    },
    {
        "name": "umbrella_chestr",
        "time": 212268,
        "duration": 896
    },
    {
        "name": "umbrella_chestr",
        "time": 212958,
        "duration": 896
    },
    {
        "name": "umbrella_balancer_rear",
        "time": 213647,
        "duration": 896
    },
    {
        "name": "umbrella_balancer_front",
        "time": 214337,
        "duration": 896
    },
    {
        "name": "umbrella_balancer_rear",
        "time": 215027,
        "duration": 896
    },
    {
        "name": "umbrella_balanceopen_right",
        "time": 215716,
        "duration": 896
    },
    {
        "name": "umbrella_push_right",
        "time": 216406,
        "duration": 896
    },
    {
        "name": "umbrella_push_right",
        "time": 217096,
        "duration": 896
    },
    {
        "name": "umbrella_balancel_rear",
        "time": 219165,
        "duration": 896
    },
    {
        "name": "umbrella_balancel_front",
        "time": 219854,
        "duration": 896
    },
    {
        "name": "umbrella_balancel_rear",
        "time": 220544,
        "duration": 896
    },
    {
        "name": "umbrella_balanceopen_left",
        "time": 221234,
        "duration": 896
    },
    {
        "name": "umbrella_push_left",
        "time": 221923,
        "duration": 896
    },
    {
        "name": "umbrella_push_left",
        "time": 222613,
        "duration": 896
    },
    {
        "name": "umbrella_balancer_rear",
        "time": 224682,
        "duration": 896
    },
    {
        "name": "umbrella_balancer_front",
        "time": 225371,
        "duration": 896
    },
    {
        "name": "umbrella_balancer_rear",
        "time": 226061,
        "duration": 896
    },
    {
        "name": "umbrella_balanceopen_right",
        "time": 226751,
        "duration": 896
    },
    {
        "name": "umbrella_push_right",
        "time": 227440,
        "duration": 896
    },
    {
        "name": "umbrella_push_right",
        "time": 228130,
        "duration": 896
    },
    {
        "name": "umbrella_balancel_rear",
        "time": 230199,
        "duration": 896
    },
    {
        "name": "umbrella_balancel_front",
        "time": 230889,
        "duration": 896
    },
    {
        "name": "umbrella_balancel_rear",
        "time": 231578,
        "duration": 896
    },
    {
        "name": "umbrella_balanceopen_left",
        "time": 232268,
        "duration": 896
    },
    {
        "name": "umbrella_push_left",
        "time": 232958,
        "duration": 896
    },
    {
        "name": "umbrella_push_left",
        "time": 233647,
        "duration": 896
    },
    {
        "name": "umbrella_clapup",
        "time": 235716,
        "duration": 896
    },
    {
        "name": "umbrella_clapdwn",
        "time": 236406,
        "duration": 896
    },
    {
        "name": "umbrella_clapup",
        "time": 238475,
        "duration": 896
    },
    {
        "name": "umbrella_clapdwn",
        "time": 239164,
        "duration": 896
    },
    {
        "name": "umbrella_clapup",
        "time": 241233,
        "duration": 896
    },
    {
        "name": "umbrella_clapdwn",
        "time": 241923,
        "duration": 896
    },
    {
        "name": "umbrella_clapup",
        "time": 243992,
        "duration": 896
    },
    {
        "name": "umbrella_clapdwn",
        "time": 244682,
        "duration": 896
    },
    {
        "name": "umbrella_outro",
        "time": 246406,
        "duration": 2965
    }
]