[
    {
        "name": "highlightchn_runstart",
        "time": 13439,
        "duration": 960
    },
    {
        "name": "highlightchn_run_l",
        "time": 14400,
        "duration": 960
    },
    {
        "name": "highlightchn_runfast",
        "time": 15360,
        "duration": 1920
    },
    {
        "name": "highlightchn_run_r",
        "time": 17280,
        "duration": 960
    },
    {
        "name": "highlightchn_run_l",
        "time": 18240,
        "duration": 960
    },
    {
        "name": "highlightchn_runfast",
        "time": 19200,
        "duration": 1920
    },
    {
        "name": "highlightchn_wipestart",
        "time": 21360,
        "duration": 1680
    },
    {
        "name": "highlightchn_wipe_r",
        "time": 24720,
        "duration": 1680
    },
    {
        "name": "highlightchn_feel",
        "time": 26640,
        "duration": 1920
    },
    {
        "name": "highlightchn_wipestart_2",
        "time": 29040,
        "duration": 1680
    },
    {
        "name": "highlightchn_wipe_r",
        "time": 32400,
        "duration": 1680
    },
    {
        "name": "highlightchn_feel",
        "time": 34320,
        "duration": 1920
    },
    {
        "name": "highlightchn_roundstart_r",
        "time": 36480,
        "duration": 960
    },
    {
        "name": "highlightchn_round_r",
        "time": 37440,
        "duration": 960
    },
    {
        "name": "highlightchn_round_r",
        "time": 38400,
        "duration": 960
    },
    {
        "name": "highlightchn_round_r",
        "time": 39360,
        "duration": 960
    },
    {
        "name": "highlightchn_crossinstart_r",
        "time": 40559,
        "duration": 720
    },
    {
        "name": "highlightchn_crossout_r",
        "time": 41280,
        "duration": 720
    },
    {
        "name": "highlightchn_crossin_r",
        "time": 42240,
        "duration": 720
    },
    {
        "name": "highlightchn_crossout_r",
        "time": 42959,
        "duration": 720
    },
    {
        "name": "highlightchn_roundstart_l",
        "time": 44160,
        "duration": 960
    },
    {
        "name": "highlightchn_round_l",
        "time": 45120,
        "duration": 960
    },
    {
        "name": "highlightchn_round_l",
        "time": 46080,
        "duration": 960
    },
    {
        "name": "highlightchn_round_l",
        "time": 47040,
        "duration": 960
    },
    {
        "name": "highlightchn_crossinstart_l",
        "time": 48240,
        "duration": 720
    },
    {
        "name": "highlightchn_crossout_l",
        "time": 48960,
        "duration": 720
    },
    {
        "name": "highlightchn_crossin_l",
        "time": 49920,
        "duration": 720
    },
    {
        "name": "highlightchn_crossout_l",
        "time": 50640,
        "duration": 720
    },
    {
        "name": "highlightchn_stoprunstart",
        "time": 52080,
        "duration": 960,
        "goldMove": 1
    },
    {
        "name": "highlightchn_stoprun",
        "time": 53040,
        "duration": 960
    },
    {
        "name": "highlightchn_stoprun",
        "time": 54000,
        "duration": 960
    },
    {
        "name": "highlightchn_stoprun",
        "time": 54960,
        "duration": 960
    },
    {
        "name": "highlightchn_drumsstart",
        "time": 55920,
        "duration": 960
    },
    {
        "name": "highlightchn_drums",
        "time": 56880,
        "duration": 960
    },
    {
        "name": "highlightchn_drums2",
        "time": 57840,
        "duration": 960
    },
    {
        "name": "highlightchn_drums3",
        "time": 58800,
        "duration": 960
    },
    {
        "name": "highlightchn_stoprunstart2",
        "time": 59760,
        "duration": 960
    },
    {
        "name": "highlightchn_stoprun",
        "time": 60720,
        "duration": 960
    },
    {
        "name": "highlightchn_stoprun",
        "time": 61680,
        "duration": 960
    },
    {
        "name": "highlightchn_stoprun",
        "time": 62640,
        "duration": 960
    },
    {
        "name": "highlightchn_drumsstart",
        "time": 63600,
        "duration": 960
    },
    {
        "name": "highlightchn_drums",
        "time": 64560,
        "duration": 960
    },
    {
        "name": "highlightchn_fistup",
        "time": 65520,
        "duration": 720
    },
    {
        "name": "highlightchn_fistup2",
        "time": 66240,
        "duration": 720
    },
    {
        "name": "highlightchn_stoprunstart3",
        "time": 67440,
        "duration": 960
    },
    {
        "name": "highlightchn_stoprun",
        "time": 68400,
        "duration": 960
    },
    {
        "name": "highlightchn_stoprun",
        "time": 69360,
        "duration": 960
    },
    {
        "name": "highlightchn_stoprun",
        "time": 70320,
        "duration": 960
    },
    {
        "name": "highlightchn_drumsstart",
        "time": 71280,
        "duration": 960
    },
    {
        "name": "highlightchn_drums",
        "time": 72240,
        "duration": 960
    },
    {
        "name": "highlightchn_drums2",
        "time": 73200,
        "duration": 960
    },
    {
        "name": "highlightchn_drums3",
        "time": 74160,
        "duration": 960
    },
    {
        "name": "highlightchn_stoprunstart2",
        "time": 75120,
        "duration": 960
    },
    {
        "name": "highlightchn_stoprun",
        "time": 76080,
        "duration": 960
    },
    {
        "name": "highlightchn_stoprun",
        "time": 77039,
        "duration": 960
    },
    {
        "name": "highlightchn_stoprun",
        "time": 78000,
        "duration": 960
    },
    {
        "name": "highlightchn_drumsstart",
        "time": 78960,
        "duration": 960
    },
    {
        "name": "highlightchn_drums",
        "time": 79920,
        "duration": 960
    },
    {
        "name": "highlightchn_fistup3",
        "time": 80880,
        "duration": 1440
    },
    {
        "name": "highlightchn_wipestart_3",
        "time": 82800,
        "duration": 1680
    },
    {
        "name": "highlightchn_wipe_r",
        "time": 86160,
        "duration": 1680
    },
    {
        "name": "highlightchn_feel",
        "time": 88080,
        "duration": 1920
    },
    {
        "name": "highlightchn_wipestart_2",
        "time": 90480,
        "duration": 1680
    },
    {
        "name": "highlightchn_wipe_r",
        "time": 93840,
        "duration": 1680
    },
    {
        "name": "highlightchn_feel",
        "time": 95760,
        "duration": 1920
    },
    {
        "name": "highlightchn_roundstart_r",
        "time": 97920,
        "duration": 960
    },
    {
        "name": "highlightchn_round_r",
        "time": 98880,
        "duration": 960
    },
    {
        "name": "highlightchn_round_r",
        "time": 99840,
        "duration": 960
    },
    {
        "name": "highlightchn_round_r",
        "time": 100800,
        "duration": 960
    },
    {
        "name": "highlightchn_crossinstart_r",
        "time": 102000,
        "duration": 720
    },
    {
        "name": "highlightchn_crossout_r",
        "time": 102720,
        "duration": 720
    },
    {
        "name": "highlightchn_crossin_r",
        "time": 103680,
        "duration": 720
    },
    {
        "name": "highlightchn_crossout_r",
        "time": 104400,
        "duration": 720
    },
    {
        "name": "highlightchn_roundstart_l",
        "time": 105600,
        "duration": 960
    },
    {
        "name": "highlightchn_round_l",
        "time": 106560,
        "duration": 960
    },
    {
        "name": "highlightchn_round_l",
        "time": 107520,
        "duration": 960
    },
    {
        "name": "highlightchn_round_l",
        "time": 108480,
        "duration": 960
    },
    {
        "name": "highlightchn_crossinstart_l",
        "time": 109680,
        "duration": 720
    },
    {
        "name": "highlightchn_crossout_l",
        "time": 110400,
        "duration": 720
    },
    {
        "name": "highlightchn_crossin_l",
        "time": 111360,
        "duration": 720
    },
    {
        "name": "highlightchn_crossout_l",
        "time": 112080,
        "duration": 720
    },
    {
        "name": "highlightchn_runstart2",
        "time": 113280,
        "duration": 960
    },
    {
        "name": "highlightchn_run_l",
        "time": 114240,
        "duration": 960
    },
    {
        "name": "highlightchn_runfast",
        "time": 115200,
        "duration": 1920
    },
    {
        "name": "highlightchn_run_r",
        "time": 117120,
        "duration": 960
    },
    {
        "name": "highlightchn_run_l",
        "time": 118080,
        "duration": 960
    },
    {
        "name": "highlightchn_runfast",
        "time": 119040,
        "duration": 1920
    },
    {
        "name": "highlightchn_run_r",
        "time": 120960,
        "duration": 960
    },
    {
        "name": "highlightchn_run_l",
        "time": 121920,
        "duration": 960
    },
    {
        "name": "highlightchn_runfast",
        "time": 122880,
        "duration": 1920
    },
    {
        "name": "highlightchn_run_r",
        "time": 124799,
        "duration": 960
    },
    {
        "name": "highlightchn_run_l",
        "time": 125760,
        "duration": 960
    },
    {
        "name": "highlightchn_runfast",
        "time": 126720,
        "duration": 1920
    },
    {
        "name": "highlightchn_solostart",
        "time": 128880,
        "duration": 960
    },
    {
        "name": "highlightchn_solo2",
        "time": 129840,
        "duration": 960
    },
    {
        "name": "highlightchn_solo3",
        "time": 130800,
        "duration": 960
    },
    {
        "name": "highlightchn_doubleclap",
        "time": 132000,
        "duration": 720
    },
    {
        "name": "highlightchn_solo1",
        "time": 132720,
        "duration": 960
    },
    {
        "name": "highlightchn_solo2",
        "time": 133680,
        "duration": 960
    },
    {
        "name": "highlightchn_solo3",
        "time": 134639,
        "duration": 960
    },
    {
        "name": "highlightchn_doubleclap",
        "time": 135840,
        "duration": 720
    },
    {
        "name": "highlightchn_solo1",
        "time": 136560,
        "duration": 960
    },
    {
        "name": "highlightchn_solo2",
        "time": 137520,
        "duration": 960
    },
    {
        "name": "highlightchn_solo3",
        "time": 138480,
        "duration": 960
    },
    {
        "name": "highlightchn_doubleclap",
        "time": 139680,
        "duration": 720
    },
    {
        "name": "highlightchn_spreadup",
        "time": 140400,
        "duration": 1680
    },
    {
        "name": "highlightchn_power",
        "time": 142320,
        "duration": 1680
    },
    {
        "name": "highlightchn_stoprunstart",
        "time": 144240,
        "duration": 960,
        "goldMove": 1
    },
    {
        "name": "highlightchn_stoprun",
        "time": 145200,
        "duration": 960
    },
    {
        "name": "highlightchn_stoprun",
        "time": 146160,
        "duration": 960
    },
    {
        "name": "highlightchn_stoprun",
        "time": 147120,
        "duration": 960
    },
    {
        "name": "highlightchn_drumsstart",
        "time": 148079,
        "duration": 960
    },
    {
        "name": "highlightchn_drums",
        "time": 149040,
        "duration": 960
    },
    {
        "name": "highlightchn_drums2",
        "time": 149999,
        "duration": 960
    },
    {
        "name": "highlightchn_drums3",
        "time": 150960,
        "duration": 960
    },
    {
        "name": "highlightchn_stoprunstart2",
        "time": 151920,
        "duration": 960
    },
    {
        "name": "highlightchn_stoprun",
        "time": 152880,
        "duration": 960
    },
    {
        "name": "highlightchn_stoprun",
        "time": 153840,
        "duration": 960
    },
    {
        "name": "highlightchn_stoprun",
        "time": 154800,
        "duration": 960
    },
    {
        "name": "highlightchn_drumsstart",
        "time": 155760,
        "duration": 960
    },
    {
        "name": "highlightchn_drums",
        "time": 156720,
        "duration": 960
    },
    {
        "name": "highlightchn_fistup",
        "time": 157680,
        "duration": 720
    },
    {
        "name": "highlightchn_fistup2",
        "time": 158400,
        "duration": 720
    },
    {
        "name": "highlightchn_stoprunstart3",
        "time": 159599,
        "duration": 960
    },
    {
        "name": "highlightchn_stoprun",
        "time": 160560,
        "duration": 960
    },
    {
        "name": "highlightchn_stoprun",
        "time": 161520,
        "duration": 960
    },
    {
        "name": "highlightchn_stoprun",
        "time": 162480,
        "duration": 960
    },
    {
        "name": "highlightchn_drumsstart",
        "time": 163440,
        "duration": 960
    },
    {
        "name": "highlightchn_drums",
        "time": 164400,
        "duration": 960
    },
    {
        "name": "highlightchn_drums2",
        "time": 165360,
        "duration": 960
    },
    {
        "name": "highlightchn_drums3",
        "time": 166320,
        "duration": 960
    },
    {
        "name": "highlightchn_stoprunstart2",
        "time": 167280,
        "duration": 960
    },
    {
        "name": "highlightchn_stoprun",
        "time": 168240,
        "duration": 960
    },
    {
        "name": "highlightchn_stoprun",
        "time": 169200,
        "duration": 960
    },
    {
        "name": "highlightchn_stoprun",
        "time": 170160,
        "duration": 960
    },
    {
        "name": "highlightchn_drumsstart",
        "time": 171120,
        "duration": 960
    },
    {
        "name": "highlightchn_drums",
        "time": 172080,
        "duration": 960
    },
    {
        "name": "highlightchn_fistup",
        "time": 173039,
        "duration": 720
    },
    {
        "name": "highlightchn_fistup2",
        "time": 173760,
        "duration": 720
    },
    {
        "name": "highlightchn_pushstart",
        "time": 174720,
        "duration": 720
    },
    {
        "name": "highlightchn_push_r",
        "time": 175679,
        "duration": 720
    },
    {
        "name": "highlightchn_push_l",
        "time": 176640,
        "duration": 720
    },
    {
        "name": "highlightchn_push_r",
        "time": 177600,
        "duration": 720
    },
    {
        "name": "highlightchn_jumppunch",
        "time": 178560,
        "duration": 960
    },
    {
        "name": "highlightchn_jumppunch2",
        "time": 179520,
        "duration": 960
    },
    {
        "name": "highlightchn_turn",
        "time": 180480,
        "duration": 1680
    },
    {
        "name": "highlightchn_pushstart2",
        "time": 182400,
        "duration": 960
    },
    {
        "name": "highlightchn_push_r",
        "time": 183600,
        "duration": 720
    },
    {
        "name": "highlightchn_push_l",
        "time": 184560,
        "duration": 720
    },
    {
        "name": "highlightchn_push_r",
        "time": 185520,
        "duration": 720
    },
    {
        "name": "highlightchn_jumppunch",
        "time": 186480,
        "duration": 960
    },
    {
        "name": "highlightchn_jumppunch2",
        "time": 187440,
        "duration": 960
    },
    {
        "name": "highlightchn_turn",
        "time": 188400,
        "duration": 1680
    },
    {
        "name": "highlightchn_solostart2",
        "time": 190320,
        "duration": 960
    },
    {
        "name": "highlightchn_solo2",
        "time": 191280,
        "duration": 960
    },
    {
        "name": "highlightchn_solo3",
        "time": 192240,
        "duration": 960
    },
    {
        "name": "highlightchn_doubleclap",
        "time": 193440,
        "duration": 720
    },
    {
        "name": "highlightchn_solo1",
        "time": 194160,
        "duration": 960
    },
    {
        "name": "highlightchn_solo2",
        "time": 195120,
        "duration": 960
    },
    {
        "name": "highlightchn_solo3",
        "time": 196080,
        "duration": 960
    },
    {
        "name": "highlightchn_doubleclap",
        "time": 197280,
        "duration": 720
    },
    {
        "name": "highlightchn_solo1",
        "time": 198000,
        "duration": 960
    },
    {
        "name": "highlightchn_solo2",
        "time": 198960,
        "duration": 960
    },
    {
        "name": "highlightchn_solo3",
        "time": 199920,
        "duration": 960
    },
    {
        "name": "highlightchn_doubleclap",
        "time": 201120,
        "duration": 720
    },
    {
        "name": "highlightchn_spreadup2",
        "time": 201840,
        "duration": 1440
    },
    {
        "name": "highlightchn_fistup4",
        "time": 203520,
        "duration": 960,
        "goldMove": 1
    }
]