[
    {
        "name": "nevergonna_clap",
        "time": 6907,
        "duration": 400
    },
    {
        "name": "nevergonna_clap",
        "time": 9024,
        "duration": 400
    },
    {
        "name": "nevergonna_clap",
        "time": 11141,
        "duration": 400
    },
    {
        "name": "nevergonna_clap",
        "time": 13258,
        "duration": 400
    },
    {
        "name": "nevergonna_clap",
        "time": 15375,
        "duration": 400
    },
    {
        "name": "nevergonna_clap",
        "time": 17492,
        "duration": 400
    },
    {
        "name": "nevergonna_clap",
        "time": 19608,
        "duration": 400
    },
    {
        "name": "nevergonna_clap",
        "time": 21725,
        "duration": 400
    },
    {
        "name": "nevergonna_superhand",
        "time": 22519,
        "duration": 1336
    },
    {
        "name": "nevergonna_superhand",
        "time": 24636,
        "duration": 1336
    },
    {
        "name": "nevergonna_superhand",
        "time": 26753,
        "duration": 1336
    },
    {
        "name": "nevergonna_superhand",
        "time": 28870,
        "duration": 1336
    },
    {
        "name": "nevergonna_swash",
        "time": 30854,
        "duration": 1069
    },
    {
        "name": "nevergonna_swash",
        "time": 31913,
        "duration": 1069
    },
    {
        "name": "nevergonna_swash",
        "time": 32971,
        "duration": 1069
    },
    {
        "name": "nevergonna_swash",
        "time": 34030,
        "duration": 1069
    },
    {
        "name": "nevergonna_swash",
        "time": 35088,
        "duration": 1069
    },
    {
        "name": "nevergonna_swash",
        "time": 36147,
        "duration": 1069
    },
    {
        "name": "nevergonna_swash",
        "time": 37205,
        "duration": 1069
    },
    {
        "name": "nevergonna_swashend",
        "time": 38263,
        "duration": 534
    },
    {
        "name": "nevergonna_walkstart",
        "time": 38925,
        "duration": 534
    },
    {
        "name": "nevergonna_walk",
        "time": 39454,
        "duration": 1069
    },
    {
        "name": "nevergonna_walkstart",
        "time": 41042,
        "duration": 534
    },
    {
        "name": "nevergonna_walk",
        "time": 41571,
        "duration": 1069
    },
    {
        "name": "nevergonna_walkstart",
        "time": 43159,
        "duration": 534
    },
    {
        "name": "nevergonna_walk",
        "time": 43688,
        "duration": 1069
    },
    {
        "name": "nevergonna_walkstart",
        "time": 45276,
        "duration": 534
    },
    {
        "name": "nevergonna_walk",
        "time": 45805,
        "duration": 1069
    },
    {
        "name": "nevergonna_mill",
        "time": 47658,
        "duration": 667
    },
    {
        "name": "nevergonna_giveup",
        "time": 48319,
        "duration": 400,
        "goldMove": 1
    },
    {
        "name": "nevergonna_letdown",
        "time": 49774,
        "duration": 1604
    },
    {
        "name": "nevergonna_wave",
        "time": 51626,
        "duration": 1069
    },
    {
        "name": "nevergonna_wave",
        "time": 53743,
        "duration": 1069
    },
    {
        "name": "nevergonna_circleup",
        "time": 55860,
        "duration": 1069
    },
    {
        "name": "nevergonna_letcry",
        "time": 56919,
        "duration": 534
    },
    {
        "name": "nevergonna_goodbye",
        "time": 57977,
        "duration": 1336
    },
    {
        "name": "nevergonna_wave",
        "time": 60094,
        "duration": 1069
    },
    {
        "name": "nevergonna_wave",
        "time": 62211,
        "duration": 1069
    },
    {
        "name": "nevergonna_superhand",
        "time": 64857,
        "duration": 1336
    },
    {
        "name": "nevergonna_superhand",
        "time": 66974,
        "duration": 1336
    },
    {
        "name": "nevergonna_superhand",
        "time": 69091,
        "duration": 1336
    },
    {
        "name": "nevergonna_superhand",
        "time": 71208,
        "duration": 1336
    },
    {
        "name": "nevergonna_swash",
        "time": 73193,
        "duration": 1069
    },
    {
        "name": "nevergonna_swash",
        "time": 74251,
        "duration": 1069
    },
    {
        "name": "nevergonna_swash",
        "time": 75309,
        "duration": 1069
    },
    {
        "name": "nevergonna_swash",
        "time": 76368,
        "duration": 1069
    },
    {
        "name": "nevergonna_swash",
        "time": 77426,
        "duration": 1069
    },
    {
        "name": "nevergonna_swash",
        "time": 78485,
        "duration": 1069
    },
    {
        "name": "nevergonna_swash",
        "time": 79543,
        "duration": 1069
    },
    {
        "name": "nevergonna_swashend",
        "time": 80602,
        "duration": 534
    },
    {
        "name": "nevergonna_walkstart",
        "time": 81263,
        "duration": 534
    },
    {
        "name": "nevergonna_walk",
        "time": 81792,
        "duration": 1069
    },
    {
        "name": "nevergonna_walkstart",
        "time": 83380,
        "duration": 534
    },
    {
        "name": "nevergonna_walk",
        "time": 83909,
        "duration": 1069
    },
    {
        "name": "nevergonna_walkstart",
        "time": 85497,
        "duration": 534
    },
    {
        "name": "nevergonna_walk",
        "time": 86026,
        "duration": 1069
    },
    {
        "name": "nevergonna_walkstart",
        "time": 87614,
        "duration": 534
    },
    {
        "name": "nevergonna_walk",
        "time": 88143,
        "duration": 1069
    },
    {
        "name": "nevergonna_mill",
        "time": 89996,
        "duration": 667
    },
    {
        "name": "nevergonna_giveup",
        "time": 90657,
        "duration": 400,
        "goldMove": 1
    },
    {
        "name": "nevergonna_letdown",
        "time": 92113,
        "duration": 1604
    },
    {
        "name": "nevergonna_wave",
        "time": 93965,
        "duration": 1069
    },
    {
        "name": "nevergonna_wave",
        "time": 96082,
        "duration": 1069
    },
    {
        "name": "nevergonna_circleup",
        "time": 98199,
        "duration": 1069
    },
    {
        "name": "nevergonna_letcry",
        "time": 99257,
        "duration": 534
    },
    {
        "name": "nevergonna_goodbye",
        "time": 100315,
        "duration": 1336
    },
    {
        "name": "nevergonna_wave",
        "time": 102432,
        "duration": 1069
    },
    {
        "name": "nevergonna_wave",
        "time": 104549,
        "duration": 1069
    },
    {
        "name": "nevergonna_mill",
        "time": 106931,
        "duration": 667
    },
    {
        "name": "nevergonna_giveup",
        "time": 107592,
        "duration": 400,
        "goldMove": 1
    },
    {
        "name": "nevergonna_letdown",
        "time": 109048,
        "duration": 1604
    },
    {
        "name": "nevergonna_wave",
        "time": 110900,
        "duration": 1069
    },
    {
        "name": "nevergonna_wave",
        "time": 113017,
        "duration": 1069
    },
    {
        "name": "nevergonna_circleup",
        "time": 115134,
        "duration": 1069
    },
    {
        "name": "nevergonna_letcry",
        "time": 116192,
        "duration": 534
    },
    {
        "name": "nevergonna_goodbye",
        "time": 117251,
        "duration": 1336
    },
    {
        "name": "nevergonna_wave",
        "time": 119368,
        "duration": 1069
    },
    {
        "name": "nevergonna_wave",
        "time": 121485,
        "duration": 1069
    },
    {
        "name": "nevergonna_shake",
        "time": 123867,
        "duration": 1604
    },
    {
        "name": "nevergonna_cross",
        "time": 125983,
        "duration": 1871
    },
    {
        "name": "nevergonna_shake",
        "time": 128365,
        "duration": 1604
    },
    {
        "name": "nevergonna_cross",
        "time": 130217,
        "duration": 1871
    },
    {
        "name": "nevergonna_point",
        "time": 132334,
        "duration": 534
    },
    {
        "name": "nevergonna_point",
        "time": 132863,
        "duration": 534
    },
    {
        "name": "nevergonna_point",
        "time": 133393,
        "duration": 534
    },
    {
        "name": "nevergonna_pointend",
        "time": 133922,
        "duration": 267
    },
    {
        "name": "nevergonna_push",
        "time": 134318,
        "duration": 534
    },
    {
        "name": "nevergonna_push",
        "time": 134847,
        "duration": 534
    },
    {
        "name": "nevergonna_pushend",
        "time": 135377,
        "duration": 534
    },
    {
        "name": "nevergonna_push",
        "time": 138552,
        "duration": 534
    },
    {
        "name": "nevergonna_push",
        "time": 139081,
        "duration": 534
    },
    {
        "name": "nevergonna_pushend",
        "time": 139610,
        "duration": 534
    },
    {
        "name": "nevergonna_superhand",
        "time": 141066,
        "duration": 1336
    },
    {
        "name": "nevergonna_superhand",
        "time": 143183,
        "duration": 1336
    },
    {
        "name": "nevergonna_superhand",
        "time": 145300,
        "duration": 1336
    },
    {
        "name": "nevergonna_superhand",
        "time": 147417,
        "duration": 1336
    },
    {
        "name": "nevergonna_swash",
        "time": 149402,
        "duration": 1069
    },
    {
        "name": "nevergonna_swash",
        "time": 150460,
        "duration": 1069
    },
    {
        "name": "nevergonna_swash",
        "time": 151518,
        "duration": 1069
    },
    {
        "name": "nevergonna_swash",
        "time": 152577,
        "duration": 1069
    },
    {
        "name": "nevergonna_swash",
        "time": 153635,
        "duration": 1069
    },
    {
        "name": "nevergonna_swash",
        "time": 154694,
        "duration": 1069
    },
    {
        "name": "nevergonna_swash",
        "time": 155752,
        "duration": 1069
    },
    {
        "name": "nevergonna_swashend",
        "time": 156811,
        "duration": 534
    },
    {
        "name": "nevergonna_walkstart",
        "time": 157472,
        "duration": 534
    },
    {
        "name": "nevergonna_walk",
        "time": 158001,
        "duration": 1069
    },
    {
        "name": "nevergonna_walkstart",
        "time": 159589,
        "duration": 534
    },
    {
        "name": "nevergonna_walk",
        "time": 160118,
        "duration": 1069
    },
    {
        "name": "nevergonna_walkstart",
        "time": 161706,
        "duration": 534
    },
    {
        "name": "nevergonna_walk",
        "time": 162235,
        "duration": 1069
    },
    {
        "name": "nevergonna_walkstart",
        "time": 163823,
        "duration": 534
    },
    {
        "name": "nevergonna_walk",
        "time": 164352,
        "duration": 1069
    },
    {
        "name": "nevergonna_mill",
        "time": 166205,
        "duration": 667
    },
    {
        "name": "nevergonna_giveup",
        "time": 166866,
        "duration": 400,
        "goldMove": 1
    },
    {
        "name": "nevergonna_letdown",
        "time": 168322,
        "duration": 1604
    },
    {
        "name": "nevergonna_wave",
        "time": 170174,
        "duration": 1069
    },
    {
        "name": "nevergonna_wave",
        "time": 172291,
        "duration": 1069
    },
    {
        "name": "nevergonna_circleup",
        "time": 174408,
        "duration": 1069
    },
    {
        "name": "nevergonna_letcry",
        "time": 175466,
        "duration": 534
    },
    {
        "name": "nevergonna_goodbye",
        "time": 176524,
        "duration": 1336
    },
    {
        "name": "nevergonna_wave",
        "time": 178641,
        "duration": 1069
    },
    {
        "name": "nevergonna_wave",
        "time": 180758,
        "duration": 1069
    },
    {
        "name": "nevergonna_mill",
        "time": 183140,
        "duration": 667
    },
    {
        "name": "nevergonna_giveup",
        "time": 183801,
        "duration": 400,
        "goldMove": 1
    },
    {
        "name": "nevergonna_letdown",
        "time": 185257,
        "duration": 1604
    },
    {
        "name": "nevergonna_wave",
        "time": 187109,
        "duration": 1069
    },
    {
        "name": "nevergonna_wave",
        "time": 189226,
        "duration": 1069
    },
    {
        "name": "nevergonna_circleup",
        "time": 191343,
        "duration": 1069
    },
    {
        "name": "nevergonna_letcry",
        "time": 192401,
        "duration": 534
    },
    {
        "name": "nevergonna_goodbye",
        "time": 193460,
        "duration": 1336
    },
    {
        "name": "nevergonna_wave",
        "time": 195577,
        "duration": 1069
    },
    {
        "name": "nevergonna_wave",
        "time": 197694,
        "duration": 1069
    },
    {
        "name": "nevergonna_kiss",
        "time": 199811,
        "duration": 534
    },
    {
        "name": "nevergonna_kisssent",
        "time": 200340,
        "duration": 801
    },
    {
        "name": "nevergonna_finalpunch",
        "time": 202457,
        "duration": 1069
    }
]