[
    {
        "name": "satisfaction_relachemonte",
        "time": 4692,
        "duration": 750
    },
    {
        "name": "satisfaction_relachedescend",
        "time": 6538,
        "duration": 750
    },
    {
        "name": "satisfaction_relachemonte",
        "time": 8384,
        "duration": 750
    },
    {
        "name": "satisfaction_pantin",
        "time": 11153,
        "duration": 1000
    },
    {
        "name": "satisfaction_pantin",
        "time": 12076,
        "duration": 1000
    },
    {
        "name": "satisfaction_pantin",
        "time": 12999,
        "duration": 1000
    },
    {
        "name": "satisfaction_pantin",
        "time": 13922,
        "duration": 1000
    },
    {
        "name": "satisfaction_pantin",
        "time": 14845,
        "duration": 1000
    },
    {
        "name": "satisfaction_pantin",
        "time": 15768,
        "duration": 1000
    },
    {
        "name": "satisfaction_pantin",
        "time": 16691,
        "duration": 1000
    },
    {
        "name": "satisfaction_pantin",
        "time": 17614,
        "duration": 1000
    },
    {
        "name": "satisfaction_pantin",
        "time": 18537,
        "duration": 1000
    },
    {
        "name": "satisfaction_pantin",
        "time": 19460,
        "duration": 1000
    },
    {
        "name": "satisfaction_pantin",
        "time": 20383,
        "duration": 1000
    },
    {
        "name": "satisfaction_pantin",
        "time": 21306,
        "duration": 1000
    },
    {
        "name": "satisfaction_pantin",
        "time": 22229,
        "duration": 1000
    },
    {
        "name": "satisfaction_explose",
        "time": 23152,
        "duration": 1000,
        "goldMove": 1
    },
    {
        "name": "satisfaction_boogslowd",
        "time": 24999,
        "duration": 1461
    },
    {
        "name": "satisfaction_boogslowd",
        "time": 28229,
        "duration": 1461
    },
    {
        "name": "satisfaction_boogslowd",
        "time": 31460,
        "duration": 1461
    },
    {
        "name": "satisfaction_travolta",
        "time": 33767,
        "duration": 1000
    },
    {
        "name": "satisfaction_travolta",
        "time": 36536,
        "duration": 1000
    },
    {
        "name": "satisfaction_rund",
        "time": 39306,
        "duration": 1000
    },
    {
        "name": "satisfaction_rung",
        "time": 40229,
        "duration": 1000
    },
    {
        "name": "satisfaction_rund",
        "time": 41152,
        "duration": 1000
    },
    {
        "name": "satisfaction_rung",
        "time": 42075,
        "duration": 1000
    },
    {
        "name": "satisfaction_rund",
        "time": 42998,
        "duration": 1000
    },
    {
        "name": "satisfaction_rung",
        "time": 43921,
        "duration": 1000
    },
    {
        "name": "satisfaction_rund",
        "time": 44844,
        "duration": 1000
    },
    {
        "name": "satisfaction_rung",
        "time": 45767,
        "duration": 1000
    },
    {
        "name": "satisfaction_rund",
        "time": 46690,
        "duration": 1000
    },
    {
        "name": "satisfaction_rung",
        "time": 47613,
        "duration": 1000
    },
    {
        "name": "satisfaction_rund",
        "time": 48536,
        "duration": 1000
    },
    {
        "name": "satisfaction_rung",
        "time": 49459,
        "duration": 1000
    },
    {
        "name": "satisfaction_rund",
        "time": 50382,
        "duration": 1000
    },
    {
        "name": "satisfaction_rung",
        "time": 51305,
        "duration": 1000
    },
    {
        "name": "satisfaction_explose",
        "time": 52228,
        "duration": 1000,
        "goldMove": 1
    },
    {
        "name": "satisfaction_boogaloog",
        "time": 54305,
        "duration": 1000
    },
    {
        "name": "satisfaction_boogaloog",
        "time": 56151,
        "duration": 1000
    },
    {
        "name": "satisfaction_boogaloog",
        "time": 57997,
        "duration": 1000
    },
    {
        "name": "satisfaction_boogaloog",
        "time": 59843,
        "duration": 1000
    },
    {
        "name": "satisfaction_boogaloog",
        "time": 61689,
        "duration": 1000
    },
    {
        "name": "satisfaction_boogaloog",
        "time": 63535,
        "duration": 1000
    },
    {
        "name": "satisfaction_boogaloog",
        "time": 65381,
        "duration": 1000
    },
    {
        "name": "satisfaction_boogaloog",
        "time": 67227,
        "duration": 1000
    },
    {
        "name": "satisfaction_pushd",
        "time": 69304,
        "duration": 1000
    },
    {
        "name": "satisfaction_pushd",
        "time": 71150,
        "duration": 1000
    },
    {
        "name": "satisfaction_pushd",
        "time": 72997,
        "duration": 1000
    },
    {
        "name": "satisfaction_pushd",
        "time": 74843,
        "duration": 1000
    },
    {
        "name": "satisfaction_pantin1",
        "time": 77150,
        "duration": 1000
    },
    {
        "name": "satisfaction_pantin2",
        "time": 78073,
        "duration": 1000
    },
    {
        "name": "satisfaction_pantin1",
        "time": 78996,
        "duration": 1000
    },
    {
        "name": "satisfaction_pantin2",
        "time": 79919,
        "duration": 1000
    },
    {
        "name": "satisfaction_pantin1",
        "time": 80842,
        "duration": 1000
    },
    {
        "name": "satisfaction_pantin2",
        "time": 81765,
        "duration": 1000
    },
    {
        "name": "satisfaction_rund",
        "time": 83611,
        "duration": 1000
    },
    {
        "name": "satisfaction_rung",
        "time": 84534,
        "duration": 1000
    },
    {
        "name": "satisfaction_rund",
        "time": 85458,
        "duration": 1000
    },
    {
        "name": "satisfaction_rung",
        "time": 86381,
        "duration": 1000
    },
    {
        "name": "satisfaction_rund",
        "time": 87304,
        "duration": 1000
    },
    {
        "name": "satisfaction_rung",
        "time": 88227,
        "duration": 1000
    },
    {
        "name": "satisfaction_rund",
        "time": 89150,
        "duration": 1000
    },
    {
        "name": "satisfaction_rung",
        "time": 90073,
        "duration": 1000
    },
    {
        "name": "satisfaction_boogaloog",
        "time": 91226,
        "duration": 1000
    },
    {
        "name": "satisfaction_boogaloog",
        "time": 93072,
        "duration": 1000
    },
    {
        "name": "satisfaction_boogaloog",
        "time": 94918,
        "duration": 1000
    },
    {
        "name": "satisfaction_boogaloog",
        "time": 96765,
        "duration": 1000
    },
    {
        "name": "satisfaction_boogaloog",
        "time": 98611,
        "duration": 1000
    },
    {
        "name": "satisfaction_boogaloog",
        "time": 100457,
        "duration": 1000
    },
    {
        "name": "satisfaction_boogaloog",
        "time": 102303,
        "duration": 1000
    },
    {
        "name": "satisfaction_boogaloog",
        "time": 104149,
        "duration": 1000
    },
    {
        "name": "satisfaction_relachedescend",
        "time": 106226,
        "duration": 750
    },
    {
        "name": "satisfaction_relachemonte",
        "time": 108072,
        "duration": 750
    },
    {
        "name": "satisfaction_relachedescend",
        "time": 109918,
        "duration": 750
    },
    {
        "name": "satisfaction_rund",
        "time": 113149,
        "duration": 1000
    },
    {
        "name": "satisfaction_rung",
        "time": 114072,
        "duration": 1000
    },
    {
        "name": "satisfaction_rund",
        "time": 114980,
        "duration": 1000
    },
    {
        "name": "satisfaction_rung",
        "time": 115918,
        "duration": 1000
    },
    {
        "name": "satisfaction_rund",
        "time": 116841,
        "duration": 1000
    },
    {
        "name": "satisfaction_rung",
        "time": 117764,
        "duration": 1000
    },
    {
        "name": "satisfaction_rund",
        "time": 118687,
        "duration": 1000
    },
    {
        "name": "satisfaction_rung",
        "time": 119610,
        "duration": 1000
    },
    {
        "name": "satisfaction_rund",
        "time": 120533,
        "duration": 1000
    },
    {
        "name": "satisfaction_rung",
        "time": 121456,
        "duration": 1000
    },
    {
        "name": "satisfaction_rund",
        "time": 122379,
        "duration": 1000
    },
    {
        "name": "satisfaction_rung",
        "time": 123302,
        "duration": 1000
    },
    {
        "name": "satisfaction_rund",
        "time": 124225,
        "duration": 1000
    },
    {
        "name": "satisfaction_rung",
        "time": 125148,
        "duration": 1000
    },
    {
        "name": "satisfaction_rund",
        "time": 126071,
        "duration": 1000
    },
    {
        "name": "satisfaction_rung",
        "time": 126994,
        "duration": 1000
    },
    {
        "name": "satisfaction_pushd",
        "time": 128379,
        "duration": 1000
    },
    {
        "name": "satisfaction_pushd",
        "time": 130225,
        "duration": 1000
    },
    {
        "name": "satisfaction_pushd",
        "time": 132076,
        "duration": 1000
    },
    {
        "name": "satisfaction_pushd",
        "time": 133917,
        "duration": 1000
    },
    {
        "name": "satisfaction_pantin1",
        "time": 136225,
        "duration": 1000
    },
    {
        "name": "satisfaction_pantin2",
        "time": 137148,
        "duration": 1000
    },
    {
        "name": "satisfaction_pantin1",
        "time": 138071,
        "duration": 1000
    },
    {
        "name": "satisfaction_pantin2",
        "time": 138994,
        "duration": 1000
    },
    {
        "name": "satisfaction_pantin1",
        "time": 139917,
        "duration": 1000
    },
    {
        "name": "satisfaction_pantin2",
        "time": 140840,
        "duration": 1000
    },
    {
        "name": "satisfaction_travolta",
        "time": 142686,
        "duration": 1000
    },
    {
        "name": "satisfaction_travolta",
        "time": 144532,
        "duration": 1000
    },
    {
        "name": "satisfaction_travolta",
        "time": 146378,
        "duration": 1000
    },
    {
        "name": "satisfaction_travolta",
        "time": 148224,
        "duration": 1000
    },
    {
        "name": "satisfaction_travolta",
        "time": 150070,
        "duration": 1000
    },
    {
        "name": "satisfaction_travolta",
        "time": 151916,
        "duration": 1000
    },
    {
        "name": "satisfaction_travolta",
        "time": 153762,
        "duration": 1000
    },
    {
        "name": "satisfaction_travolta",
        "time": 155614,
        "duration": 1000
    },
    {
        "name": "satisfaction_coupelent",
        "time": 157921,
        "duration": 1000
    },
    {
        "name": "satisfaction_coupelent",
        "time": 158845,
        "duration": 1000
    },
    {
        "name": "satisfaction_coupelent",
        "time": 159768,
        "duration": 1000
    },
    {
        "name": "satisfaction_coupelent",
        "time": 160691,
        "duration": 1000
    },
    {
        "name": "satisfaction_couperapide",
        "time": 161614,
        "duration": 500
    },
    {
        "name": "satisfaction_couperapide",
        "time": 162075,
        "duration": 500
    },
    {
        "name": "satisfaction_couperapide",
        "time": 162537,
        "duration": 500
    },
    {
        "name": "satisfaction_couperapide",
        "time": 162998,
        "duration": 500
    },
    {
        "name": "satisfaction_couperapide",
        "time": 163460,
        "duration": 500
    },
    {
        "name": "satisfaction_couperapide",
        "time": 163921,
        "duration": 500
    },
    {
        "name": "satisfaction_couperapide",
        "time": 164383,
        "duration": 500
    },
    {
        "name": "satisfaction_rund",
        "time": 164844,
        "duration": 1000
    },
    {
        "name": "satisfaction_rung",
        "time": 165767,
        "duration": 1000
    },
    {
        "name": "satisfaction_rund",
        "time": 166690,
        "duration": 1000
    },
    {
        "name": "satisfaction_rung",
        "time": 167613,
        "duration": 1000
    },
    {
        "name": "satisfaction_rund",
        "time": 168536,
        "duration": 1000
    },
    {
        "name": "satisfaction_rung",
        "time": 169459,
        "duration": 1000
    },
    {
        "name": "satisfaction_rund",
        "time": 170383,
        "duration": 1000
    },
    {
        "name": "satisfaction_rung",
        "time": 171306,
        "duration": 1000
    },
    {
        "name": "satisfaction_rund",
        "time": 172229,
        "duration": 1000
    },
    {
        "name": "satisfaction_rung",
        "time": 173152,
        "duration": 1000
    },
    {
        "name": "satisfaction_rund",
        "time": 174075,
        "duration": 1000
    },
    {
        "name": "satisfaction_rung",
        "time": 174998,
        "duration": 1000
    },
    {
        "name": "satisfaction_boogaloog",
        "time": 176151,
        "duration": 1000
    },
    {
        "name": "satisfaction_boogaloog",
        "time": 177997,
        "duration": 1000
    },
    {
        "name": "satisfaction_boogaloog",
        "time": 179843,
        "duration": 1000
    },
    {
        "name": "satisfaction_boogaloog",
        "time": 181689,
        "duration": 1000
    },
    {
        "name": "satisfaction_boogaloog",
        "time": 183536,
        "duration": 1000
    },
    {
        "name": "satisfaction_boogaloog",
        "time": 185382,
        "duration": 1000
    },
    {
        "name": "satisfaction_pushd",
        "time": 187459,
        "duration": 1000
    },
    {
        "name": "satisfaction_pushd",
        "time": 189305,
        "duration": 1000
    },
    {
        "name": "satisfaction_pushd",
        "time": 191151,
        "duration": 1000
    },
    {
        "name": "satisfaction_pushd",
        "time": 192997,
        "duration": 1000
    },
    {
        "name": "satisfaction_pantin1",
        "time": 195305,
        "duration": 1000
    },
    {
        "name": "satisfaction_pantin2",
        "time": 196228,
        "duration": 1000
    },
    {
        "name": "satisfaction_pantin1",
        "time": 197151,
        "duration": 1000
    },
    {
        "name": "satisfaction_pantin2",
        "time": 198074,
        "duration": 1000
    },
    {
        "name": "satisfaction_pantin1",
        "time": 198997,
        "duration": 1000
    },
    {
        "name": "satisfaction_pantin2",
        "time": 199920,
        "duration": 1000
    },
    {
        "name": "satisfaction_pantin1",
        "time": 200843,
        "duration": 1000
    },
    {
        "name": "satisfaction_travolta",
        "time": 201766,
        "duration": 1000
    },
    {
        "name": "satisfaction_travolta",
        "time": 203612,
        "duration": 1000
    },
    {
        "name": "satisfaction_travolta",
        "time": 205458,
        "duration": 1000
    },
    {
        "name": "satisfaction_travolta",
        "time": 207304,
        "duration": 1000
    },
    {
        "name": "satisfaction_travolta",
        "time": 209150,
        "duration": 1000
    },
    {
        "name": "satisfaction_rund",
        "time": 220227,
        "duration": 1000
    },
    {
        "name": "satisfaction_rung",
        "time": 221150,
        "duration": 1000
    },
    {
        "name": "satisfaction_rund",
        "time": 222073,
        "duration": 1000
    },
    {
        "name": "satisfaction_rung",
        "time": 222996,
        "duration": 1000
    },
    {
        "name": "satisfaction_rund",
        "time": 223919,
        "duration": 1000
    },
    {
        "name": "satisfaction_rung",
        "time": 224842,
        "duration": 1000
    },
    {
        "name": "satisfaction_rund",
        "time": 225765,
        "duration": 1000
    },
    {
        "name": "satisfaction_rung",
        "time": 226688,
        "duration": 1000
    },
    {
        "name": "satisfaction_rund",
        "time": 227611,
        "duration": 1000
    },
    {
        "name": "satisfaction_rung",
        "time": 228534,
        "duration": 1000
    },
    {
        "name": "satisfaction_rund",
        "time": 229457,
        "duration": 1000
    },
    {
        "name": "satisfaction_rung",
        "time": 230380,
        "duration": 1000
    },
    {
        "name": "satisfaction_rund",
        "time": 231303,
        "duration": 1000
    },
    {
        "name": "satisfaction_rung",
        "time": 232226,
        "duration": 1000
    },
    {
        "name": "satisfaction_rund",
        "time": 233149,
        "duration": 1000
    },
    {
        "name": "satisfaction_rung",
        "time": 234072,
        "duration": 1000
    },
    {
        "name": "satisfaction_rund",
        "time": 234995,
        "duration": 1000
    },
    {
        "name": "satisfaction_rung",
        "time": 235918,
        "duration": 1000
    },
    {
        "name": "satisfaction_rund",
        "time": 236841,
        "duration": 1000
    },
    {
        "name": "satisfaction_rung",
        "time": 237764,
        "duration": 1000
    },
    {
        "name": "satisfaction_rund",
        "time": 238687,
        "duration": 1000
    },
    {
        "name": "satisfaction_rung",
        "time": 239610,
        "duration": 1000
    },
    {
        "name": "satisfaction_rund",
        "time": 240533,
        "duration": 1000
    },
    {
        "name": "satisfaction_rung",
        "time": 241456,
        "duration": 1000
    },
    {
        "name": "satisfaction_rund",
        "time": 242380,
        "duration": 1000
    },
    {
        "name": "satisfaction_rung",
        "time": 243303,
        "duration": 1000
    },
    {
        "name": "satisfaction_rund",
        "time": 244226,
        "duration": 1000
    },
    {
        "name": "satisfaction_rung",
        "time": 245149,
        "duration": 1000
    },
    {
        "name": "satisfaction_rund",
        "time": 246072,
        "duration": 1000
    }
]