[
    {
        "name": "maria_un",
        "time": 3074,
        "duration": 472
    },
    {
        "name": "maria_dos",
        "time": 3547,
        "duration": 472
    },
    {
        "name": "maria_tres",
        "time": 4021,
        "duration": 472
    },
    {
        "name": "maria_pasitoleft",
        "time": 4731,
        "duration": 708
    },
    {
        "name": "maria_pasitoleft",
        "time": 5677,
        "duration": 708
    },
    {
        "name": "maria_un",
        "time": 6860,
        "duration": 472
    },
    {
        "name": "maria_dos",
        "time": 7333,
        "duration": 472
    },
    {
        "name": "maria_tres",
        "time": 7806,
        "duration": 472
    },
    {
        "name": "maria_pasitoright",
        "time": 8516,
        "duration": 945
    },
    {
        "name": "maria_pasitoright",
        "time": 9463,
        "duration": 945
    },
    {
        "name": "maria_un",
        "time": 10645,
        "duration": 472
    },
    {
        "name": "maria_dos",
        "time": 11118,
        "duration": 472
    },
    {
        "name": "maria_tres",
        "time": 11592,
        "duration": 472
    },
    {
        "name": "maria_pasitoleft",
        "time": 12302,
        "duration": 708
    },
    {
        "name": "maria_pasitoleft",
        "time": 13248,
        "duration": 708
    },
    {
        "name": "maria_un",
        "time": 14431,
        "duration": 472
    },
    {
        "name": "maria_dos",
        "time": 14904,
        "duration": 472
    },
    {
        "name": "maria_tres",
        "time": 15377,
        "duration": 472
    },
    {
        "name": "maria_pasitoright",
        "time": 16087,
        "duration": 945
    },
    {
        "name": "maria_pasitoright",
        "time": 17034,
        "duration": 945
    },
    {
        "name": "maria_clap",
        "time": 18216,
        "duration": 708
    },
    {
        "name": "maria_pushdown",
        "time": 20109,
        "duration": 708
    },
    {
        "name": "maria_clap",
        "time": 22002,
        "duration": 708
    },
    {
        "name": "maria_pushdown",
        "time": 23658,
        "duration": 708
    },
    {
        "name": "maria_clap",
        "time": 25787,
        "duration": 708
    },
    {
        "name": "maria_pushdown",
        "time": 27444,
        "duration": 708
    },
    {
        "name": "maria_clap",
        "time": 29573,
        "duration": 708
    },
    {
        "name": "maria_pushdown",
        "time": 31225,
        "duration": 708
    },
    {
        "name": "maria_licked",
        "time": 33113,
        "duration": 945
    },
    {
        "name": "maria_licked",
        "time": 35000,
        "duration": 945
    },
    {
        "name": "maria_licked",
        "time": 36884,
        "duration": 945
    },
    {
        "name": "maria_licked",
        "time": 38768,
        "duration": 945
    },
    {
        "name": "maria_licked",
        "time": 43525,
        "duration": 945
    },
    {
        "name": "maria_licked",
        "time": 47309,
        "duration": 945
    },
    {
        "name": "maria_afro",
        "time": 48255,
        "duration": 945
    },
    {
        "name": "maria_afro",
        "time": 50148,
        "duration": 945
    },
    {
        "name": "maria_open",
        "time": 52276,
        "duration": 472
    },
    {
        "name": "maria_close",
        "time": 52986,
        "duration": 708
    },
    {
        "name": "maria_open",
        "time": 54168,
        "duration": 472
    },
    {
        "name": "maria_close",
        "time": 54878,
        "duration": 708
    },
    {
        "name": "maria_afro",
        "time": 55825,
        "duration": 945
    },
    {
        "name": "maria_afro",
        "time": 57717,
        "duration": 945
    },
    {
        "name": "maria_open",
        "time": 59845,
        "duration": 472
    },
    {
        "name": "maria_close",
        "time": 60555,
        "duration": 708
    },
    {
        "name": "maria_open",
        "time": 61737,
        "duration": 472
    },
    {
        "name": "maria_latinoup",
        "time": 63394,
        "duration": 472
    },
    {
        "name": "maria_latino",
        "time": 64103,
        "duration": 708
    },
    {
        "name": "maria_latinoup",
        "time": 65286,
        "duration": 472
    },
    {
        "name": "maria_latino",
        "time": 65995,
        "duration": 708
    },
    {
        "name": "maria_latinoup",
        "time": 67178,
        "duration": 472
    },
    {
        "name": "maria_latino",
        "time": 67887,
        "duration": 708
    },
    {
        "name": "maria_latinofast",
        "time": 69307,
        "duration": 708
    },
    {
        "name": "maria_latinofast",
        "time": 70253,
        "duration": 708
    },
    {
        "name": "maria_latinoup",
        "time": 70963,
        "duration": 472
    },
    {
        "name": "maria_latino",
        "time": 71672,
        "duration": 708
    },
    {
        "name": "maria_latinoup",
        "time": 72855,
        "duration": 472
    },
    {
        "name": "maria_latino",
        "time": 73564,
        "duration": 708
    },
    {
        "name": "maria_latinoup",
        "time": 74747,
        "duration": 472
    },
    {
        "name": "maria_latino",
        "time": 75457,
        "duration": 708
    },
    {
        "name": "maria_latinofast",
        "time": 76876,
        "duration": 708
    },
    {
        "name": "maria_latinofast",
        "time": 77822,
        "duration": 708
    },
    {
        "name": "maria_tostage",
        "time": 78768,
        "duration": 708
    },
    {
        "name": "maria_tostage",
        "time": 80660,
        "duration": 708
    },
    {
        "name": "maria_frontpush",
        "time": 83499,
        "duration": 945
    },
    {
        "name": "maria_tostage",
        "time": 86337,
        "duration": 708
    },
    {
        "name": "maria_tostage",
        "time": 88230,
        "duration": 708
    },
    {
        "name": "maria_frontpush",
        "time": 90122,
        "duration": 945
    },
    {
        "name": "maria_frontpush",
        "time": 92014,
        "duration": 945
    },
    {
        "name": "maria_wueppa",
        "time": 92960,
        "duration": 945,
        "goldMove": 1
    },
    {
        "name": "maria_un",
        "time": 93907,
        "duration": 472
    },
    {
        "name": "maria_dos",
        "time": 94380,
        "duration": 472
    },
    {
        "name": "maria_tres",
        "time": 94853,
        "duration": 472
    },
    {
        "name": "maria_pasitoleft",
        "time": 95563,
        "duration": 708
    },
    {
        "name": "maria_pasitoleft",
        "time": 96509,
        "duration": 708
    },
    {
        "name": "maria_un",
        "time": 97691,
        "duration": 472
    },
    {
        "name": "maria_dos",
        "time": 98164,
        "duration": 472
    },
    {
        "name": "maria_tres",
        "time": 98637,
        "duration": 472
    },
    {
        "name": "maria_pasitoright",
        "time": 99347,
        "duration": 945
    },
    {
        "name": "maria_pasitoright",
        "time": 100293,
        "duration": 945
    },
    {
        "name": "maria_un",
        "time": 101476,
        "duration": 472
    },
    {
        "name": "maria_dos",
        "time": 101949,
        "duration": 472
    },
    {
        "name": "maria_tres",
        "time": 102422,
        "duration": 472
    },
    {
        "name": "maria_pasitoleft",
        "time": 103132,
        "duration": 708
    },
    {
        "name": "maria_pasitoleft",
        "time": 104078,
        "duration": 708
    },
    {
        "name": "maria_un",
        "time": 105260,
        "duration": 472
    },
    {
        "name": "maria_dos",
        "time": 105733,
        "duration": 472
    },
    {
        "name": "maria_tres",
        "time": 106206,
        "duration": 472
    },
    {
        "name": "maria_pasitoright",
        "time": 106917,
        "duration": 945
    },
    {
        "name": "maria_pasitoright",
        "time": 107863,
        "duration": 945
    },
    {
        "name": "maria_afro",
        "time": 108809,
        "duration": 945
    },
    {
        "name": "maria_afro",
        "time": 110701,
        "duration": 945
    },
    {
        "name": "maria_open",
        "time": 112829,
        "duration": 472
    },
    {
        "name": "maria_close",
        "time": 113540,
        "duration": 708
    },
    {
        "name": "maria_open",
        "time": 114722,
        "duration": 472
    },
    {
        "name": "maria_latinoup",
        "time": 116378,
        "duration": 472
    },
    {
        "name": "maria_latino",
        "time": 117087,
        "duration": 708
    },
    {
        "name": "maria_latinoup",
        "time": 118270,
        "duration": 472
    },
    {
        "name": "maria_latino",
        "time": 118979,
        "duration": 708
    },
    {
        "name": "maria_latinoup",
        "time": 120163,
        "duration": 472
    },
    {
        "name": "maria_latino",
        "time": 120872,
        "duration": 708
    },
    {
        "name": "maria_latinofast",
        "time": 122291,
        "duration": 708
    },
    {
        "name": "maria_latinofast",
        "time": 123237,
        "duration": 708
    },
    {
        "name": "maria_latinoup",
        "time": 123947,
        "duration": 472
    },
    {
        "name": "maria_latino",
        "time": 124656,
        "duration": 708
    },
    {
        "name": "maria_latinoup",
        "time": 125839,
        "duration": 472
    },
    {
        "name": "maria_latino",
        "time": 126549,
        "duration": 708
    },
    {
        "name": "maria_latinoup",
        "time": 127732,
        "duration": 472
    },
    {
        "name": "maria_latino",
        "time": 128441,
        "duration": 708
    },
    {
        "name": "maria_latinofast",
        "time": 129860,
        "duration": 708
    },
    {
        "name": "maria_latinofast",
        "time": 130806,
        "duration": 708
    },
    {
        "name": "maria_tostage",
        "time": 131752,
        "duration": 708
    },
    {
        "name": "maria_tostage",
        "time": 133645,
        "duration": 708
    },
    {
        "name": "maria_frontpush",
        "time": 136483,
        "duration": 945
    },
    {
        "name": "maria_tostage",
        "time": 139322,
        "duration": 708
    },
    {
        "name": "maria_tostage",
        "time": 141214,
        "duration": 708
    },
    {
        "name": "maria_frontpush",
        "time": 143106,
        "duration": 945
    },
    {
        "name": "maria_frontpush",
        "time": 144999,
        "duration": 945
    },
    {
        "name": "maria_wueppa",
        "time": 145945,
        "duration": 945,
        "goldMove": 1
    },
    {
        "name": "maria_un",
        "time": 146891,
        "duration": 472
    },
    {
        "name": "maria_dos",
        "time": 147364,
        "duration": 472
    },
    {
        "name": "maria_tres",
        "time": 147837,
        "duration": 472
    },
    {
        "name": "maria_pasitoleft",
        "time": 148547,
        "duration": 708
    },
    {
        "name": "maria_pasitoleft",
        "time": 149493,
        "duration": 708
    },
    {
        "name": "maria_un",
        "time": 150675,
        "duration": 472
    },
    {
        "name": "maria_dos",
        "time": 151148,
        "duration": 472
    },
    {
        "name": "maria_tres",
        "time": 151622,
        "duration": 472
    },
    {
        "name": "maria_pasitoright",
        "time": 152332,
        "duration": 945
    },
    {
        "name": "maria_pasitoright",
        "time": 153278,
        "duration": 945
    },
    {
        "name": "maria_un",
        "time": 154460,
        "duration": 472
    },
    {
        "name": "maria_dos",
        "time": 154933,
        "duration": 472
    },
    {
        "name": "maria_tres",
        "time": 155406,
        "duration": 472
    },
    {
        "name": "maria_pasitoleft",
        "time": 156116,
        "duration": 708
    },
    {
        "name": "maria_pasitoleft",
        "time": 157062,
        "duration": 708
    },
    {
        "name": "maria_un",
        "time": 158245,
        "duration": 472
    },
    {
        "name": "maria_dos",
        "time": 158718,
        "duration": 472
    },
    {
        "name": "maria_tres",
        "time": 159191,
        "duration": 472
    },
    {
        "name": "maria_pasitoright",
        "time": 159901,
        "duration": 945
    },
    {
        "name": "maria_pasitoright",
        "time": 160847,
        "duration": 945
    },
    {
        "name": "maria_pose1",
        "time": 161793,
        "duration": 945
    },
    {
        "name": "maria_pose2",
        "time": 163685,
        "duration": 945
    },
    {
        "name": "maria_pose3",
        "time": 165578,
        "duration": 945
    },
    {
        "name": "maria_pose4",
        "time": 167470,
        "duration": 945
    },
    {
        "name": "maria_pose1",
        "time": 169362,
        "duration": 945
    },
    {
        "name": "maria_pose2",
        "time": 171255,
        "duration": 945
    },
    {
        "name": "maria_pose3",
        "time": 173147,
        "duration": 945
    },
    {
        "name": "maria_pose4",
        "time": 175039,
        "duration": 945
    },
    {
        "name": "maria_samba",
        "time": 176694,
        "duration": 945
    },
    {
        "name": "maria_samba",
        "time": 177641,
        "duration": 945
    },
    {
        "name": "maria_samba",
        "time": 178587,
        "duration": 945
    },
    {
        "name": "maria_samba",
        "time": 179533,
        "duration": 945
    },
    {
        "name": "maria_samba",
        "time": 180479,
        "duration": 945
    },
    {
        "name": "maria_samba",
        "time": 181425,
        "duration": 945
    },
    {
        "name": "maria_samba",
        "time": 182371,
        "duration": 945
    },
    {
        "name": "maria_samba",
        "time": 183318,
        "duration": 945
    },
    {
        "name": "maria_licked",
        "time": 184501,
        "duration": 945
    },
    {
        "name": "maria_licked",
        "time": 186393,
        "duration": 945
    },
    {
        "name": "maria_licked",
        "time": 188285,
        "duration": 945
    },
    {
        "name": "maria_licked",
        "time": 190178,
        "duration": 945
    },
    {
        "name": "maria_pose1",
        "time": 192070,
        "duration": 945
    },
    {
        "name": "maria_pose2",
        "time": 193962,
        "duration": 945
    },
    {
        "name": "maria_pose3",
        "time": 195854,
        "duration": 945
    },
    {
        "name": "maria_pose4",
        "time": 197747,
        "duration": 945
    },
    {
        "name": "maria_licked",
        "time": 202478,
        "duration": 945
    },
    {
        "name": "maria_licked",
        "time": 206262,
        "duration": 945
    },
    {
        "name": "maria_clap",
        "time": 207444,
        "duration": 708
    },
    {
        "name": "maria_pushdown",
        "time": 209101,
        "duration": 708
    },
    {
        "name": "maria_clap",
        "time": 211229,
        "duration": 708
    },
    {
        "name": "maria_pushdown",
        "time": 212885,
        "duration": 708
    },
    {
        "name": "maria_clap",
        "time": 215013,
        "duration": 708
    },
    {
        "name": "maria_pushdown",
        "time": 216670,
        "duration": 708
    },
    {
        "name": "maria_clap",
        "time": 218798,
        "duration": 708
    },
    {
        "name": "maria_pushdown",
        "time": 220454,
        "duration": 708
    },
    {
        "name": "maria_tostage",
        "time": 222583,
        "duration": 708
    },
    {
        "name": "maria_tostage",
        "time": 224475,
        "duration": 708
    },
    {
        "name": "maria_frontpush",
        "time": 227313,
        "duration": 945
    },
    {
        "name": "maria_tostage",
        "time": 230152,
        "duration": 708
    },
    {
        "name": "maria_tostage",
        "time": 232044,
        "duration": 708
    },
    {
        "name": "maria_frontpush",
        "time": 233936,
        "duration": 945
    },
    {
        "name": "maria_frontpush",
        "time": 235829,
        "duration": 945
    },
    {
        "name": "maria_wueppa",
        "time": 236775,
        "duration": 945,
        "goldMove": 1
    },
    {
        "name": "maria_un",
        "time": 237721,
        "duration": 472
    },
    {
        "name": "maria_dos",
        "time": 238194,
        "duration": 472
    },
    {
        "name": "maria_tres",
        "time": 238667,
        "duration": 472
    },
    {
        "name": "maria_pasitoleft",
        "time": 239377,
        "duration": 708
    },
    {
        "name": "maria_pasitoleft",
        "time": 240323,
        "duration": 708
    },
    {
        "name": "maria_un",
        "time": 241506,
        "duration": 472
    },
    {
        "name": "maria_dos",
        "time": 241979,
        "duration": 472
    },
    {
        "name": "maria_tres",
        "time": 242452,
        "duration": 472
    },
    {
        "name": "maria_pasitoright",
        "time": 243162,
        "duration": 945
    },
    {
        "name": "maria_pasitoright",
        "time": 244108,
        "duration": 945
    },
    {
        "name": "maria_wueppa",
        "time": 245290,
        "duration": 945,
        "goldMove": 1
    }
]