[
    {
        "name": "sympathydevil_reverence",
        "time": 3401,
        "duration": 1457
    },
    {
        "name": "sympathydevil_reverence",
        "time": 5461,
        "duration": 1457
    },
    {
        "name": "sympathydevil_reverence",
        "time": 7521,
        "duration": 1457
    },
    {
        "name": "sympathydevil_reverence",
        "time": 9581,
        "duration": 1457
    },
    {
        "name": "sympathydevil_attrape_slow_right",
        "time": 11126,
        "duration": 1999
    },
    {
        "name": "sympathydevil_attrape_slow_left",
        "time": 13186,
        "duration": 1999
    },
    {
        "name": "sympathydevil_attrape_slow_right",
        "time": 15246,
        "duration": 1999
    },
    {
        "name": "sympathydevil_attrape_slow_left",
        "time": 17306,
        "duration": 1999
    },
    {
        "name": "sympathydevil_serpent_right",
        "time": 19881,
        "duration": 1457
    },
    {
        "name": "sympathydevil_serpent_left",
        "time": 20911,
        "duration": 1457
    },
    {
        "name": "sympathydevil_serpent_right",
        "time": 21941,
        "duration": 1457
    },
    {
        "name": "sympathydevil_serpent_left",
        "time": 22971,
        "duration": 1457
    },
    {
        "name": "sympathydevil_serpent_right",
        "time": 24001,
        "duration": 1457
    },
    {
        "name": "sympathydevil_serpent_left",
        "time": 25031,
        "duration": 1457
    },
    {
        "name": "sympathydevil_serpent_right",
        "time": 26061,
        "duration": 1457
    },
    {
        "name": "sympathydevil_serpent_left",
        "time": 27091,
        "duration": 1457
    },
    {
        "name": "sympathydevil_arc_right",
        "time": 28636,
        "duration": 1457
    },
    {
        "name": "sympathydevil_arc_left",
        "time": 29666,
        "duration": 1457
    },
    {
        "name": "sympathydevil_arc_right",
        "time": 30696,
        "duration": 1457
    },
    {
        "name": "sympathydevil_arc_left",
        "time": 31726,
        "duration": 1457
    },
    {
        "name": "sympathydevil_arc_right",
        "time": 32756,
        "duration": 1457
    },
    {
        "name": "sympathydevil_soleil_first",
        "time": 34301,
        "duration": 3401
    },
    {
        "name": "sympathydevil_reverence",
        "time": 38421,
        "duration": 1457
    },
    {
        "name": "sympathydevil_rocklight_up",
        "time": 40481,
        "duration": 1457
    },
    {
        "name": "sympathydevil_rocklight_push",
        "time": 42542,
        "duration": 1457
    },
    {
        "name": "sympathydevil_reverence",
        "time": 46681,
        "duration": 1457
    },
    {
        "name": "sympathydevil_rocklight_up",
        "time": 48741,
        "duration": 1457
    },
    {
        "name": "sympathydevil_rocklight_push",
        "time": 50801,
        "duration": 1457
    },
    {
        "name": "sympathydevil_gaga",
        "time": 54900,
        "duration": 1457
    },
    {
        "name": "sympathydevil_gaga",
        "time": 55930,
        "duration": 1457
    },
    {
        "name": "sympathydevil_gaga",
        "time": 56960,
        "duration": 1457
    },
    {
        "name": "sympathydevil_gaga",
        "time": 57990,
        "duration": 1457
    },
    {
        "name": "sympathydevil_gaga",
        "time": 59020,
        "duration": 1457
    },
    {
        "name": "sympathydevil_gaga",
        "time": 60050,
        "duration": 1457
    },
    {
        "name": "sympathydevil_gaga",
        "time": 61080,
        "duration": 1457
    },
    {
        "name": "sympathydevil_creuse",
        "time": 63140,
        "duration": 1457
    },
    {
        "name": "sympathydevil_creuse",
        "time": 64170,
        "duration": 1457
    },
    {
        "name": "sympathydevil_creuse",
        "time": 65200,
        "duration": 1457
    },
    {
        "name": "sympathydevil_creuse",
        "time": 66230,
        "duration": 1457
    },
    {
        "name": "sympathydevil_creuse",
        "time": 67260,
        "duration": 1457
    },
    {
        "name": "sympathydevil_creuse",
        "time": 68290,
        "duration": 1457
    },
    {
        "name": "sympathydevil_creuse",
        "time": 69320,
        "duration": 1457
    },
    {
        "name": "sympathydevil_gym_open",
        "time": 71380,
        "duration": 1457
    },
    {
        "name": "sympathydevil_gym_cross",
        "time": 72410,
        "duration": 1457
    },
    {
        "name": "sympathydevil_gym_open",
        "time": 73440,
        "duration": 1457
    },
    {
        "name": "sympathydevil_gym_cross",
        "time": 74470,
        "duration": 1457
    },
    {
        "name": "sympathydevil_gym_open",
        "time": 75500,
        "duration": 1457
    },
    {
        "name": "sympathydevil_gym_cross",
        "time": 76530,
        "duration": 1457
    },
    {
        "name": "sympathydevil_gym_open",
        "time": 77560,
        "duration": 1457
    },
    {
        "name": "sympathydevil_soleil",
        "time": 79620,
        "duration": 2507,
        "goldMove": 1
    },
    {
        "name": "sympathydevil_reverence",
        "time": 82195,
        "duration": 1457
    },
    {
        "name": "sympathydevil_rock_up",
        "time": 83741,
        "duration": 1457
    },
    {
        "name": "sympathydevil_rock_push",
        "time": 85801,
        "duration": 826
    },
    {
        "name": "sympathydevil_rock_push",
        "time": 86316,
        "duration": 826
    },
    {
        "name": "sympathydevil_rock_push",
        "time": 86831,
        "duration": 826
    },
    {
        "name": "sympathydevil_rock_push",
        "time": 87346,
        "duration": 826
    },
    {
        "name": "sympathydevil_rock_push",
        "time": 87861,
        "duration": 826
    },
    {
        "name": "sympathydevil_rock_push",
        "time": 88376,
        "duration": 826
    },
    {
        "name": "sympathydevil_rock_push",
        "time": 88891,
        "duration": 826
    },
    {
        "name": "sympathydevil_reverence",
        "time": 89921,
        "duration": 1457
    },
    {
        "name": "sympathydevil_rock_up",
        "time": 91981,
        "duration": 1457
    },
    {
        "name": "sympathydevil_rock_push",
        "time": 94041,
        "duration": 826
    },
    {
        "name": "sympathydevil_rock_push",
        "time": 94556,
        "duration": 826
    },
    {
        "name": "sympathydevil_rock_push",
        "time": 95071,
        "duration": 826
    },
    {
        "name": "sympathydevil_rock_push",
        "time": 95586,
        "duration": 826
    },
    {
        "name": "sympathydevil_rock_push",
        "time": 96101,
        "duration": 826
    },
    {
        "name": "sympathydevil_rock_push",
        "time": 96616,
        "duration": 826
    },
    {
        "name": "sympathydevil_rock_push",
        "time": 97131,
        "duration": 826
    },
    {
        "name": "sympathydevil_gaga",
        "time": 98161,
        "duration": 1457
    },
    {
        "name": "sympathydevil_gaga",
        "time": 99191,
        "duration": 1457
    },
    {
        "name": "sympathydevil_gaga",
        "time": 100221,
        "duration": 1457
    },
    {
        "name": "sympathydevil_gaga",
        "time": 101251,
        "duration": 1457
    },
    {
        "name": "sympathydevil_gaga",
        "time": 102281,
        "duration": 1457
    },
    {
        "name": "sympathydevil_gaga",
        "time": 103311,
        "duration": 1457
    },
    {
        "name": "sympathydevil_gaga",
        "time": 104341,
        "duration": 1457
    },
    {
        "name": "sympathydevil_creuse",
        "time": 106401,
        "duration": 1457
    },
    {
        "name": "sympathydevil_creuse",
        "time": 107431,
        "duration": 1457
    },
    {
        "name": "sympathydevil_creuse",
        "time": 108461,
        "duration": 1457
    },
    {
        "name": "sympathydevil_creuse",
        "time": 109491,
        "duration": 1457
    },
    {
        "name": "sympathydevil_creuse",
        "time": 110521,
        "duration": 1457
    },
    {
        "name": "sympathydevil_creuse",
        "time": 111551,
        "duration": 1457
    },
    {
        "name": "sympathydevil_creuse",
        "time": 112581,
        "duration": 1457
    },
    {
        "name": "sympathydevil_gym_open",
        "time": 114641,
        "duration": 1457
    },
    {
        "name": "sympathydevil_gym_cross",
        "time": 115671,
        "duration": 1457
    },
    {
        "name": "sympathydevil_gym_open",
        "time": 116701,
        "duration": 1457
    },
    {
        "name": "sympathydevil_gym_cross",
        "time": 117731,
        "duration": 1457
    },
    {
        "name": "sympathydevil_gym_open",
        "time": 118761,
        "duration": 1457
    },
    {
        "name": "sympathydevil_gym_cross",
        "time": 119791,
        "duration": 1457
    },
    {
        "name": "sympathydevil_gym_open",
        "time": 120821,
        "duration": 1457
    },
    {
        "name": "sympathydevil_michael",
        "time": 122881,
        "duration": 1457
    },
    {
        "name": "sympathydevil_michael",
        "time": 123911,
        "duration": 1457
    },
    {
        "name": "sympathydevil_michael",
        "time": 124941,
        "duration": 1457
    },
    {
        "name": "sympathydevil_michael",
        "time": 125971,
        "duration": 1457
    },
    {
        "name": "sympathydevil_michael",
        "time": 127001,
        "duration": 1457
    },
    {
        "name": "sympathydevil_michael",
        "time": 128031,
        "duration": 1457
    },
    {
        "name": "sympathydevil_michael",
        "time": 129062,
        "duration": 1457
    },
    {
        "name": "sympathydevil_soleil",
        "time": 131122,
        "duration": 2507,
        "goldMove": 1
    },
    {
        "name": "sympathydevil_reverence",
        "time": 133697,
        "duration": 1457
    },
    {
        "name": "sympathydevil_rock_up",
        "time": 135242,
        "duration": 1457
    },
    {
        "name": "sympathydevil_rock_push",
        "time": 137302,
        "duration": 826
    },
    {
        "name": "sympathydevil_rock_push",
        "time": 137817,
        "duration": 826
    },
    {
        "name": "sympathydevil_rock_push",
        "time": 138332,
        "duration": 826
    },
    {
        "name": "sympathydevil_rock_push",
        "time": 138847,
        "duration": 826
    },
    {
        "name": "sympathydevil_rock_push",
        "time": 139362,
        "duration": 826
    },
    {
        "name": "sympathydevil_rock_push",
        "time": 139877,
        "duration": 826
    },
    {
        "name": "sympathydevil_rock_push",
        "time": 140392,
        "duration": 826
    },
    {
        "name": "sympathydevil_reverence",
        "time": 141422,
        "duration": 1457
    },
    {
        "name": "sympathydevil_rock_up",
        "time": 143482,
        "duration": 1457
    },
    {
        "name": "sympathydevil_rock_push",
        "time": 145542,
        "duration": 826
    },
    {
        "name": "sympathydevil_rock_push",
        "time": 146057,
        "duration": 826
    },
    {
        "name": "sympathydevil_rock_push",
        "time": 146572,
        "duration": 826
    },
    {
        "name": "sympathydevil_rock_push",
        "time": 147087,
        "duration": 826
    },
    {
        "name": "sympathydevil_rock_push",
        "time": 147602,
        "duration": 826
    },
    {
        "name": "sympathydevil_rock_push",
        "time": 148117,
        "duration": 826
    },
    {
        "name": "sympathydevil_rock_push",
        "time": 148632,
        "duration": 826
    },
    {
        "name": "sympathydevil_rond",
        "time": 149666,
        "duration": 826
    },
    {
        "name": "sympathydevil_rond",
        "time": 150181,
        "duration": 826
    },
    {
        "name": "sympathydevil_rond",
        "time": 150696,
        "duration": 826
    },
    {
        "name": "sympathydevil_rond",
        "time": 151211,
        "duration": 826
    },
    {
        "name": "sympathydevil_rond",
        "time": 151726,
        "duration": 826
    },
    {
        "name": "sympathydevil_rond",
        "time": 152241,
        "duration": 826
    },
    {
        "name": "sympathydevil_rond",
        "time": 152756,
        "duration": 826
    },
    {
        "name": "sympathydevil_rond",
        "time": 153271,
        "duration": 826
    },
    {
        "name": "sympathydevil_rond",
        "time": 153786,
        "duration": 826
    },
    {
        "name": "sympathydevil_rond",
        "time": 154301,
        "duration": 826
    },
    {
        "name": "sympathydevil_rond",
        "time": 154816,
        "duration": 826
    },
    {
        "name": "sympathydevil_rond",
        "time": 155331,
        "duration": 826
    },
    {
        "name": "sympathydevil_rond",
        "time": 155846,
        "duration": 826
    },
    {
        "name": "sympathydevil_rond",
        "time": 156361,
        "duration": 826
    },
    {
        "name": "sympathydevil_guitare",
        "time": 157906,
        "duration": 826
    },
    {
        "name": "sympathydevil_guitare",
        "time": 158421,
        "duration": 826
    },
    {
        "name": "sympathydevil_guitare",
        "time": 158936,
        "duration": 826
    },
    {
        "name": "sympathydevil_guitare",
        "time": 159451,
        "duration": 826
    },
    {
        "name": "sympathydevil_guitare",
        "time": 159966,
        "duration": 826
    },
    {
        "name": "sympathydevil_guitare",
        "time": 160481,
        "duration": 826
    },
    {
        "name": "sympathydevil_guitare",
        "time": 160996,
        "duration": 826
    },
    {
        "name": "sympathydevil_guitare",
        "time": 161511,
        "duration": 826
    },
    {
        "name": "sympathydevil_guitare",
        "time": 162026,
        "duration": 826
    },
    {
        "name": "sympathydevil_guitare",
        "time": 162541,
        "duration": 826
    },
    {
        "name": "sympathydevil_guitare",
        "time": 163056,
        "duration": 826
    },
    {
        "name": "sympathydevil_guitare",
        "time": 163571,
        "duration": 826
    },
    {
        "name": "sympathydevil_guitare",
        "time": 164086,
        "duration": 826
    },
    {
        "name": "sympathydevil_guitare",
        "time": 164601,
        "duration": 826
    },
    {
        "name": "sympathydevil_guitare",
        "time": 165116,
        "duration": 826
    },
    {
        "name": "sympathydevil_serpent_right",
        "time": 166146,
        "duration": 1457
    },
    {
        "name": "sympathydevil_serpent_left",
        "time": 167176,
        "duration": 1457
    },
    {
        "name": "sympathydevil_serpent_right",
        "time": 168206,
        "duration": 1457
    },
    {
        "name": "sympathydevil_serpent_left",
        "time": 169236,
        "duration": 1457
    },
    {
        "name": "sympathydevil_serpent_right",
        "time": 170266,
        "duration": 1457
    },
    {
        "name": "sympathydevil_serpent_left",
        "time": 171296,
        "duration": 1457
    },
    {
        "name": "sympathydevil_serpent_right",
        "time": 172326,
        "duration": 1457
    },
    {
        "name": "sympathydevil_arc_right",
        "time": 174901,
        "duration": 1457
    },
    {
        "name": "sympathydevil_arc_left",
        "time": 175931,
        "duration": 1457
    },
    {
        "name": "sympathydevil_arc_right",
        "time": 176961,
        "duration": 1457
    },
    {
        "name": "sympathydevil_gold_cat",
        "time": 178506,
        "duration": 1999,
        "goldMove": 1
    },
    {
        "name": "sympathydevil_gold_up",
        "time": 180566,
        "duration": 1999,
        "goldMove": 1
    },
    {
        "name": "sympathydevil_gaga",
        "time": 182620,
        "duration": 1457
    },
    {
        "name": "sympathydevil_gaga",
        "time": 183650,
        "duration": 1457
    },
    {
        "name": "sympathydevil_gaga",
        "time": 184680,
        "duration": 1457
    },
    {
        "name": "sympathydevil_gaga",
        "time": 185710,
        "duration": 1457
    },
    {
        "name": "sympathydevil_gaga",
        "time": 186740,
        "duration": 1457
    },
    {
        "name": "sympathydevil_gaga",
        "time": 187770,
        "duration": 1457
    },
    {
        "name": "sympathydevil_gaga",
        "time": 188800,
        "duration": 1457
    },
    {
        "name": "sympathydevil_creuse",
        "time": 190860,
        "duration": 1457
    },
    {
        "name": "sympathydevil_creuse",
        "time": 191890,
        "duration": 1457
    },
    {
        "name": "sympathydevil_creuse",
        "time": 192920,
        "duration": 1457
    },
    {
        "name": "sympathydevil_creuse",
        "time": 193950,
        "duration": 1457
    },
    {
        "name": "sympathydevil_creuse",
        "time": 194980,
        "duration": 1457
    },
    {
        "name": "sympathydevil_creuse",
        "time": 196011,
        "duration": 1457
    },
    {
        "name": "sympathydevil_creuse",
        "time": 197041,
        "duration": 1457
    },
    {
        "name": "sympathydevil_soleil",
        "time": 199101,
        "duration": 2507,
        "goldMove": 1
    },
    {
        "name": "sympathydevil_reverence",
        "time": 201676,
        "duration": 1457
    },
    {
        "name": "sympathydevil_rock_up",
        "time": 203221,
        "duration": 1457
    },
    {
        "name": "sympathydevil_rock_push",
        "time": 205281,
        "duration": 826
    },
    {
        "name": "sympathydevil_rock_push",
        "time": 205796,
        "duration": 826
    },
    {
        "name": "sympathydevil_rock_push",
        "time": 206311,
        "duration": 826
    },
    {
        "name": "sympathydevil_rock_push",
        "time": 206826,
        "duration": 826
    },
    {
        "name": "sympathydevil_rock_push",
        "time": 207341,
        "duration": 826
    },
    {
        "name": "sympathydevil_rock_push",
        "time": 207856,
        "duration": 826
    },
    {
        "name": "sympathydevil_rock_push",
        "time": 208371,
        "duration": 826
    },
    {
        "name": "sympathydevil_reverence",
        "time": 209401,
        "duration": 1457
    },
    {
        "name": "sympathydevil_rock_up",
        "time": 211461,
        "duration": 1457
    },
    {
        "name": "sympathydevil_rock_push",
        "time": 213521,
        "duration": 826
    },
    {
        "name": "sympathydevil_rock_push",
        "time": 214036,
        "duration": 826
    },
    {
        "name": "sympathydevil_rock_push",
        "time": 214551,
        "duration": 826
    },
    {
        "name": "sympathydevil_rock_push",
        "time": 215066,
        "duration": 826
    },
    {
        "name": "sympathydevil_rock_push",
        "time": 215581,
        "duration": 826
    },
    {
        "name": "sympathydevil_rock_push",
        "time": 216096,
        "duration": 826
    },
    {
        "name": "sympathydevil_rock_push",
        "time": 216611,
        "duration": 826
    },
    {
        "name": "sympathydevil_attrape_right",
        "time": 217641,
        "duration": 826
    },
    {
        "name": "sympathydevil_attrape_left",
        "time": 218671,
        "duration": 826
    },
    {
        "name": "sympathydevil_attrape_right",
        "time": 219701,
        "duration": 826
    },
    {
        "name": "sympathydevil_attrape_left",
        "time": 220731,
        "duration": 826
    },
    {
        "name": "sympathydevil_attrape_right",
        "time": 221761,
        "duration": 826
    },
    {
        "name": "sympathydevil_attrape_left",
        "time": 222791,
        "duration": 826
    },
    {
        "name": "sympathydevil_attrape_right",
        "time": 223821,
        "duration": 826
    },
    {
        "name": "sympathydevil_attrape_left",
        "time": 224851,
        "duration": 826
    },
    {
        "name": "sympathydevil_gym_open",
        "time": 225881,
        "duration": 1457
    },
    {
        "name": "sympathydevil_gym_cross",
        "time": 226911,
        "duration": 1457
    },
    {
        "name": "sympathydevil_gym_open",
        "time": 227941,
        "duration": 1457
    },
    {
        "name": "sympathydevil_gym_cross",
        "time": 228971,
        "duration": 1457
    },
    {
        "name": "sympathydevil_gym_open",
        "time": 230001,
        "duration": 1457
    },
    {
        "name": "sympathydevil_gym_cross",
        "time": 231031,
        "duration": 1457
    },
    {
        "name": "sympathydevil_gym_open",
        "time": 232061,
        "duration": 1457
    },
    {
        "name": "sympathydevil_michael",
        "time": 234121,
        "duration": 1457
    },
    {
        "name": "sympathydevil_michael",
        "time": 235151,
        "duration": 1457
    },
    {
        "name": "sympathydevil_michael",
        "time": 236181,
        "duration": 1457
    },
    {
        "name": "sympathydevil_michael",
        "time": 237211,
        "duration": 1457
    },
    {
        "name": "sympathydevil_michael",
        "time": 238241,
        "duration": 1457
    },
    {
        "name": "sympathydevil_michael",
        "time": 239271,
        "duration": 1457
    },
    {
        "name": "sympathydevil_michael",
        "time": 240301,
        "duration": 1457
    },
    {
        "name": "sympathydevil_reverence",
        "time": 242362,
        "duration": 1457
    },
    {
        "name": "sympathydevil_reverence",
        "time": 244422,
        "duration": 1457
    },
    {
        "name": "sympathydevil_reverence",
        "time": 246482,
        "duration": 1457
    },
    {
        "name": "sympathydevil_reverence",
        "time": 248542,
        "duration": 1457
    },
    {
        "name": "sympathydevil_soleil_end",
        "time": 250087,
        "duration": 2507
    }
]