[
    {
        "name": "jingoloba_swimupstart",
        "time": 9373,
        "duration": 869
    },
    {
        "name": "jingoloba_swimdown",
        "time": 10318,
        "duration": 869
    },
    {
        "name": "jingoloba_swimup",
        "time": 11263,
        "duration": 869
    },
    {
        "name": "jingoloba_swimdown",
        "time": 12208,
        "duration": 869
    },
    {
        "name": "jingoloba_swimup",
        "time": 13153,
        "duration": 869
    },
    {
        "name": "jingoloba_swimdown",
        "time": 14098,
        "duration": 869
    },
    {
        "name": "jingoloba_swimup",
        "time": 15042,
        "duration": 869
    },
    {
        "name": "jingoloba_swimdown",
        "time": 15987,
        "duration": 869
    },
    {
        "name": "jingoloba_swimup",
        "time": 16932,
        "duration": 869
    },
    {
        "name": "jingoloba_swimdown",
        "time": 17877,
        "duration": 869
    },
    {
        "name": "jingoloba_swimup",
        "time": 18822,
        "duration": 869
    },
    {
        "name": "jingoloba_swimdown",
        "time": 19767,
        "duration": 869
    },
    {
        "name": "jingoloba_swimup",
        "time": 20712,
        "duration": 869
    },
    {
        "name": "jingoloba_swimdown",
        "time": 21657,
        "duration": 869
    },
    {
        "name": "jingoloba_swimup",
        "time": 22601,
        "duration": 869
    },
    {
        "name": "jingoloba_armsup",
        "time": 24137,
        "duration": 397
    },
    {
        "name": "jingoloba_armsdown",
        "time": 26027,
        "duration": 397
    },
    {
        "name": "jingoloba_armsup",
        "time": 27916,
        "duration": 397
    },
    {
        "name": "jingoloba_armsdown",
        "time": 29806,
        "duration": 397
    },
    {
        "name": "jingoloba_armrotate",
        "time": 31696,
        "duration": 869
    },
    {
        "name": "jingoloba_armrotate",
        "time": 32641,
        "duration": 869
    },
    {
        "name": "jingoloba_armrotate",
        "time": 33586,
        "duration": 869
    },
    {
        "name": "jingoloba_class",
        "time": 34530,
        "duration": 397
    },
    {
        "name": "jingoloba_armrotate",
        "time": 35475,
        "duration": 869
    },
    {
        "name": "jingoloba_armrotate",
        "time": 36420,
        "duration": 869
    },
    {
        "name": "jingoloba_armrotate",
        "time": 37365,
        "duration": 869
    },
    {
        "name": "jingoloba_class",
        "time": 38310,
        "duration": 397,
        "goldMove": 1
    },
    {
        "name": "jingoloba_shakingohyeah",
        "time": 39609,
        "duration": 869
    },
    {
        "name": "jingoloba_shakingohyeah",
        "time": 40554,
        "duration": 869
    },
    {
        "name": "jingoloba_shakingohyeah",
        "time": 41499,
        "duration": 869
    },
    {
        "name": "jingoloba_shakingohyeah",
        "time": 42444,
        "duration": 869
    },
    {
        "name": "jingoloba_shakingohyeah",
        "time": 43389,
        "duration": 869
    },
    {
        "name": "jingoloba_shakingohyeah",
        "time": 44334,
        "duration": 869
    },
    {
        "name": "jingoloba_shakingohyeah",
        "time": 45278,
        "duration": 869
    },
    {
        "name": "jingoloba_shakeitbaby",
        "time": 47050,
        "duration": 397
    },
    {
        "name": "jingoloba_up",
        "time": 47877,
        "duration": 397
    },
    {
        "name": "jingoloba_shakeitbaby",
        "time": 48940,
        "duration": 397
    },
    {
        "name": "jingoloba_up",
        "time": 49766,
        "duration": 397
    },
    {
        "name": "jingoloba_shakeitbaby",
        "time": 50829,
        "duration": 397
    },
    {
        "name": "jingoloba_up",
        "time": 51656,
        "duration": 397
    },
    {
        "name": "jingoloba_shakeitbaby",
        "time": 52719,
        "duration": 397
    },
    {
        "name": "jingoloba_up",
        "time": 53546,
        "duration": 397
    },
    {
        "name": "jingoloba_lassostart",
        "time": 54491,
        "duration": 869
    },
    {
        "name": "jingoloba_lasso",
        "time": 55436,
        "duration": 869
    },
    {
        "name": "jingoloba_lasso",
        "time": 56381,
        "duration": 869
    },
    {
        "name": "jingoloba_lasso",
        "time": 57325,
        "duration": 869
    },
    {
        "name": "jingoloba_lasso",
        "time": 58270,
        "duration": 869
    },
    {
        "name": "jingoloba_lasso",
        "time": 59215,
        "duration": 869
    },
    {
        "name": "jingoloba_lasso",
        "time": 60160,
        "duration": 869
    },
    {
        "name": "jingoloba_armsup",
        "time": 61932,
        "duration": 397
    },
    {
        "name": "jingoloba_armsdown",
        "time": 62877,
        "duration": 397
    },
    {
        "name": "jingoloba_armsup",
        "time": 63822,
        "duration": 397
    },
    {
        "name": "jingoloba_armsdown",
        "time": 64766,
        "duration": 397
    },
    {
        "name": "jingoloba_armsup",
        "time": 65711,
        "duration": 397
    },
    {
        "name": "jingoloba_armsdown",
        "time": 66656,
        "duration": 397
    },
    {
        "name": "jingoloba_armsup",
        "time": 67601,
        "duration": 397
    },
    {
        "name": "jingoloba_armsdown",
        "time": 68546,
        "duration": 397
    },
    {
        "name": "jingoloba_armrotate",
        "time": 69491,
        "duration": 869
    },
    {
        "name": "jingoloba_armrotate",
        "time": 70436,
        "duration": 869
    },
    {
        "name": "jingoloba_armrotate",
        "time": 71381,
        "duration": 869
    },
    {
        "name": "jingoloba_class",
        "time": 72325,
        "duration": 397
    },
    {
        "name": "jingoloba_armrotate",
        "time": 73270,
        "duration": 869
    },
    {
        "name": "jingoloba_armrotate",
        "time": 74215,
        "duration": 869
    },
    {
        "name": "jingoloba_armrotate",
        "time": 75160,
        "duration": 869
    },
    {
        "name": "jingoloba_class",
        "time": 76105,
        "duration": 397,
        "goldMove": 1
    },
    {
        "name": "jingoloba_shakingohyeah",
        "time": 77404,
        "duration": 869
    },
    {
        "name": "jingoloba_shakingohyeah",
        "time": 78349,
        "duration": 869
    },
    {
        "name": "jingoloba_shakingohyeah",
        "time": 79294,
        "duration": 869
    },
    {
        "name": "jingoloba_shakingohyeah",
        "time": 80239,
        "duration": 869
    },
    {
        "name": "jingoloba_shakingohyeah",
        "time": 81184,
        "duration": 869
    },
    {
        "name": "jingoloba_shakingohyeah",
        "time": 82129,
        "duration": 869
    },
    {
        "name": "jingoloba_shakingohyeah",
        "time": 83073,
        "duration": 869
    },
    {
        "name": "jingoloba_shakeitbaby",
        "time": 84845,
        "duration": 397
    },
    {
        "name": "jingoloba_up",
        "time": 85672,
        "duration": 397
    },
    {
        "name": "jingoloba_shakeitbaby",
        "time": 86735,
        "duration": 397
    },
    {
        "name": "jingoloba_up",
        "time": 87561,
        "duration": 397
    },
    {
        "name": "jingoloba_shakeitbaby",
        "time": 88624,
        "duration": 397
    },
    {
        "name": "jingoloba_up",
        "time": 89451,
        "duration": 397
    },
    {
        "name": "jingoloba_shakeitbaby",
        "time": 90514,
        "duration": 397
    },
    {
        "name": "jingoloba_up",
        "time": 91341,
        "duration": 397
    },
    {
        "name": "jingoloba_armrotate",
        "time": 92168,
        "duration": 869
    },
    {
        "name": "jingoloba_armrotate",
        "time": 93113,
        "duration": 869
    },
    {
        "name": "jingoloba_armrotate",
        "time": 94058,
        "duration": 869
    },
    {
        "name": "jingoloba_class",
        "time": 95002,
        "duration": 397
    },
    {
        "name": "jingoloba_armrotate",
        "time": 95947,
        "duration": 869
    },
    {
        "name": "jingoloba_armrotate",
        "time": 96892,
        "duration": 869
    },
    {
        "name": "jingoloba_armrotate",
        "time": 97837,
        "duration": 869
    },
    {
        "name": "jingoloba_class",
        "time": 98782,
        "duration": 397,
        "goldMove": 1
    },
    {
        "name": "jingoloba_hardshake",
        "time": 100081,
        "duration": 1814
    },
    {
        "name": "jingoloba_hardshake",
        "time": 101971,
        "duration": 1814
    },
    {
        "name": "jingoloba_hardshake",
        "time": 103861,
        "duration": 1814
    },
    {
        "name": "jingoloba_swimupstart",
        "time": 107640,
        "duration": 869
    },
    {
        "name": "jingoloba_swimdown",
        "time": 108585,
        "duration": 869
    },
    {
        "name": "jingoloba_swimup",
        "time": 109530,
        "duration": 869
    },
    {
        "name": "jingoloba_swimdown",
        "time": 110475,
        "duration": 869
    },
    {
        "name": "jingoloba_swimup",
        "time": 111420,
        "duration": 869
    },
    {
        "name": "jingoloba_swimdown",
        "time": 112365,
        "duration": 869
    },
    {
        "name": "jingoloba_swimup",
        "time": 113309,
        "duration": 869
    },
    {
        "name": "jingoloba_ondule",
        "time": 115199,
        "duration": 869
    },
    {
        "name": "jingoloba_ondule",
        "time": 116144,
        "duration": 869
    },
    {
        "name": "jingoloba_ondule",
        "time": 117089,
        "duration": 869
    },
    {
        "name": "jingoloba_ondule",
        "time": 118034,
        "duration": 869
    },
    {
        "name": "jingoloba_ondule",
        "time": 118979,
        "duration": 869
    },
    {
        "name": "jingoloba_ondule",
        "time": 119924,
        "duration": 869
    },
    {
        "name": "jingoloba_ondule",
        "time": 120868,
        "duration": 869
    },
    {
        "name": "jingoloba_fistdownstart",
        "time": 122522,
        "duration": 397
    },
    {
        "name": "jingoloba_fistup",
        "time": 123467,
        "duration": 397
    },
    {
        "name": "jingoloba_fistdown",
        "time": 124412,
        "duration": 397
    },
    {
        "name": "jingoloba_fistup",
        "time": 125356,
        "duration": 397
    },
    {
        "name": "jingoloba_fistdown",
        "time": 126301,
        "duration": 397
    },
    {
        "name": "jingoloba_fistup",
        "time": 127246,
        "duration": 397
    },
    {
        "name": "jingoloba_fistdown",
        "time": 128191,
        "duration": 397
    },
    {
        "name": "jingoloba_fistup",
        "time": 129136,
        "duration": 397
    },
    {
        "name": "jingoloba_fistdown",
        "time": 130081,
        "duration": 397
    },
    {
        "name": "jingoloba_fistup",
        "time": 131026,
        "duration": 397
    },
    {
        "name": "jingoloba_fistdown",
        "time": 131971,
        "duration": 397
    },
    {
        "name": "jingoloba_fistup",
        "time": 132915,
        "duration": 397
    },
    {
        "name": "jingoloba_fistdown",
        "time": 133860,
        "duration": 397
    },
    {
        "name": "jingoloba_fistup",
        "time": 134805,
        "duration": 397
    },
    {
        "name": "jingoloba_fistdown",
        "time": 135750,
        "duration": 397
    },
    {
        "name": "jingoloba_fistup",
        "time": 136695,
        "duration": 397
    },
    {
        "name": "jingoloba_swimupstart",
        "time": 145435,
        "duration": 869
    },
    {
        "name": "jingoloba_swimdown",
        "time": 146380,
        "duration": 869
    },
    {
        "name": "jingoloba_swimup",
        "time": 147325,
        "duration": 869
    },
    {
        "name": "jingoloba_swimdown",
        "time": 148270,
        "duration": 869
    },
    {
        "name": "jingoloba_swimup",
        "time": 149215,
        "duration": 869
    },
    {
        "name": "jingoloba_swimdown",
        "time": 150160,
        "duration": 869
    },
    {
        "name": "jingoloba_swimup",
        "time": 151104,
        "duration": 869
    },
    {
        "name": "jingoloba_fistdownstart",
        "time": 152758,
        "duration": 397
    },
    {
        "name": "jingoloba_fistup",
        "time": 153703,
        "duration": 397
    },
    {
        "name": "jingoloba_fistdown",
        "time": 154648,
        "duration": 397
    },
    {
        "name": "jingoloba_fistup",
        "time": 155592,
        "duration": 397
    },
    {
        "name": "jingoloba_fistdown",
        "time": 156537,
        "duration": 397
    },
    {
        "name": "jingoloba_fistup",
        "time": 157482,
        "duration": 397
    },
    {
        "name": "jingoloba_fistdown",
        "time": 158427,
        "duration": 397
    },
    {
        "name": "jingoloba_fistup",
        "time": 159372,
        "duration": 397
    },
    {
        "name": "jingoloba_shakingohyeah",
        "time": 160553,
        "duration": 869
    },
    {
        "name": "jingoloba_shakingohyeah",
        "time": 161498,
        "duration": 869
    },
    {
        "name": "jingoloba_shakingohyeah",
        "time": 162443,
        "duration": 869
    },
    {
        "name": "jingoloba_shakingohyeah",
        "time": 163388,
        "duration": 869
    },
    {
        "name": "jingoloba_shakingohyeah",
        "time": 164333,
        "duration": 869
    },
    {
        "name": "jingoloba_shakingohyeah",
        "time": 165278,
        "duration": 869
    },
    {
        "name": "jingoloba_shakingohyeah",
        "time": 166222,
        "duration": 869
    },
    {
        "name": "jingoloba_shakeitbaby",
        "time": 167994,
        "duration": 397
    },
    {
        "name": "jingoloba_up",
        "time": 168821,
        "duration": 397
    },
    {
        "name": "jingoloba_shakeitbaby",
        "time": 169884,
        "duration": 397
    },
    {
        "name": "jingoloba_up",
        "time": 170710,
        "duration": 397
    },
    {
        "name": "jingoloba_shakeitbaby",
        "time": 171773,
        "duration": 397
    },
    {
        "name": "jingoloba_up",
        "time": 172600,
        "duration": 397
    },
    {
        "name": "jingoloba_shakeitbaby",
        "time": 173663,
        "duration": 397
    },
    {
        "name": "jingoloba_up",
        "time": 174490,
        "duration": 397
    },
    {
        "name": "jingoloba_lassostart",
        "time": 175435,
        "duration": 869
    },
    {
        "name": "jingoloba_lasso",
        "time": 176380,
        "duration": 869
    },
    {
        "name": "jingoloba_lasso",
        "time": 177325,
        "duration": 869
    },
    {
        "name": "jingoloba_lasso",
        "time": 178269,
        "duration": 869
    },
    {
        "name": "jingoloba_lasso",
        "time": 179214,
        "duration": 869
    },
    {
        "name": "jingoloba_lasso",
        "time": 180159,
        "duration": 869
    },
    {
        "name": "jingoloba_lasso",
        "time": 181104,
        "duration": 869
    },
    {
        "name": "jingoloba_armsup",
        "time": 182876,
        "duration": 397
    },
    {
        "name": "jingoloba_armsdown",
        "time": 183821,
        "duration": 397
    },
    {
        "name": "jingoloba_armsup",
        "time": 184766,
        "duration": 397
    },
    {
        "name": "jingoloba_armsdown",
        "time": 185710,
        "duration": 397
    },
    {
        "name": "jingoloba_armsup",
        "time": 186655,
        "duration": 397
    },
    {
        "name": "jingoloba_armsdown",
        "time": 187600,
        "duration": 397
    },
    {
        "name": "jingoloba_armsup",
        "time": 188545,
        "duration": 397
    },
    {
        "name": "jingoloba_armsdown",
        "time": 189490,
        "duration": 397
    },
    {
        "name": "jingoloba_armrotate",
        "time": 190435,
        "duration": 869
    },
    {
        "name": "jingoloba_armrotate",
        "time": 191380,
        "duration": 869
    },
    {
        "name": "jingoloba_armrotate",
        "time": 192325,
        "duration": 869
    },
    {
        "name": "jingoloba_class",
        "time": 193269,
        "duration": 397
    },
    {
        "name": "jingoloba_armrotate",
        "time": 194214,
        "duration": 869
    },
    {
        "name": "jingoloba_armrotate",
        "time": 195159,
        "duration": 869
    },
    {
        "name": "jingoloba_armrotate",
        "time": 196104,
        "duration": 869
    },
    {
        "name": "jingoloba_class",
        "time": 197049,
        "duration": 397,
        "goldMove": 1
    },
    {
        "name": "jingoloba_swimupstart",
        "time": 198348,
        "duration": 869
    },
    {
        "name": "jingoloba_swimdown",
        "time": 199293,
        "duration": 869
    },
    {
        "name": "jingoloba_swimup",
        "time": 200238,
        "duration": 869
    },
    {
        "name": "jingoloba_swimdown",
        "time": 201183,
        "duration": 869
    },
    {
        "name": "jingoloba_swimup",
        "time": 202128,
        "duration": 869
    },
    {
        "name": "jingoloba_swimdown",
        "time": 203073,
        "duration": 869
    },
    {
        "name": "jingoloba_end",
        "time": 204726,
        "duration": 397,
        "goldMove": 1
    }
]