[
    {
        "name": "gandb_rolldown",
        "time": 19750,
        "duration": 500
    },
    {
        "name": "gandb_rolldown",
        "time": 21750,
        "duration": 500
    },
    {
        "name": "gandb_rowback",
        "time": 23750,
        "duration": 500
    },
    {
        "name": "gandb_rowfront",
        "time": 24250,
        "duration": 500
    },
    {
        "name": "gandb_rowback",
        "time": 24750,
        "duration": 500
    },
    {
        "name": "gandb_rowfront",
        "time": 25250,
        "duration": 500
    },
    {
        "name": "gandb_rowback",
        "time": 25750,
        "duration": 500
    },
    {
        "name": "gandb_rowfront",
        "time": 26250,
        "duration": 500
    },
    {
        "name": "gandb_rowback",
        "time": 26750,
        "duration": 500
    },
    {
        "name": "gandb_rowfront",
        "time": 27250,
        "duration": 500
    },
    {
        "name": "gandb_mummyintro",
        "time": 27750,
        "duration": 500
    },
    {
        "name": "gandb_mummy",
        "time": 28250,
        "duration": 500
    },
    {
        "name": "gandb_mummy",
        "time": 28750,
        "duration": 500
    },
    {
        "name": "gandb_mummy",
        "time": 29250,
        "duration": 500
    },
    {
        "name": "gandb_mummy",
        "time": 29750,
        "duration": 500
    },
    {
        "name": "gandb_mummy",
        "time": 30250,
        "duration": 500
    },
    {
        "name": "gandb_mummy",
        "time": 30750,
        "duration": 500
    },
    {
        "name": "gandb_mummy",
        "time": 31250,
        "duration": 500
    },
    {
        "name": "gandb_mummy",
        "time": 31750,
        "duration": 500
    },
    {
        "name": "gandb_mummy",
        "time": 32250,
        "duration": 500
    },
    {
        "name": "gandb_mummy",
        "time": 32750,
        "duration": 500
    },
    {
        "name": "gandb_mummy",
        "time": 33250,
        "duration": 500
    },
    {
        "name": "gandb_mummy",
        "time": 33750,
        "duration": 500
    },
    {
        "name": "gandb_mummy",
        "time": 34250,
        "duration": 500
    },
    {
        "name": "gandb_mummy",
        "time": 34750,
        "duration": 500
    },
    {
        "name": "gandb_mummy",
        "time": 35250,
        "duration": 500
    },
    {
        "name": "gandb_fly",
        "time": 36250,
        "duration": 1500
    },
    {
        "name": "gandb_fly",
        "time": 39000,
        "duration": 1500
    },
    {
        "name": "gandb_fly",
        "time": 41750,
        "duration": 1500
    },
    {
        "name": "gandb_around",
        "time": 43750,
        "duration": 1000
    },
    {
        "name": "gandb_around",
        "time": 44750,
        "duration": 1000
    },
    {
        "name": "gandb_around",
        "time": 45746,
        "duration": 1000
    },
    {
        "name": "gandb_around",
        "time": 46743,
        "duration": 1000
    },
    {
        "name": "gandb_around",
        "time": 47743,
        "duration": 1000
    },
    {
        "name": "gandb_around",
        "time": 48743,
        "duration": 1000
    },
    {
        "name": "gandb_around",
        "time": 49743,
        "duration": 1000
    },
    {
        "name": "gandb_aroundend",
        "time": 50743,
        "duration": 500
    },
    {
        "name": "gandb_upanddown",
        "time": 51743,
        "duration": 1000
    },
    {
        "name": "gandb_upanddown",
        "time": 52743,
        "duration": 1000
    },
    {
        "name": "gandb_upanddown",
        "time": 53743,
        "duration": 1000
    },
    {
        "name": "gandb_upanddown",
        "time": 54743,
        "duration": 1000
    },
    {
        "name": "gandb_upanddown",
        "time": 55743,
        "duration": 1000
    },
    {
        "name": "gandb_upanddown",
        "time": 56743,
        "duration": 1000
    },
    {
        "name": "gandb_upanddown",
        "time": 57743,
        "duration": 1000
    },
    {
        "name": "gandb_upanddownend",
        "time": 58743,
        "duration": 750
    },
    {
        "name": "gandb_mill",
        "time": 60242,
        "duration": 1000
    },
    {
        "name": "gandb_millup",
        "time": 61242,
        "duration": 1000
    },
    {
        "name": "gandb_mill",
        "time": 62242,
        "duration": 1000
    },
    {
        "name": "gandb_millup",
        "time": 63242,
        "duration": 1000
    },
    {
        "name": "gandb_mill",
        "time": 64242,
        "duration": 1000
    },
    {
        "name": "gandb_millup",
        "time": 65242,
        "duration": 1000
    },
    {
        "name": "gandb_mill",
        "time": 66242,
        "duration": 1000
    },
    {
        "name": "gandb_strongup",
        "time": 67742,
        "duration": 500
    },
    {
        "name": "gandb_strongdown",
        "time": 69742,
        "duration": 500
    },
    {
        "name": "gandb_hotandcoldpose",
        "time": 71742,
        "duration": 500
    },
    {
        "name": "gandb_hotandcoldposedown",
        "time": 72742,
        "duration": 500
    },
    {
        "name": "gandb_hotandcoldpose",
        "time": 73742,
        "duration": 500
    },
    {
        "name": "gandb_hotandcoldposedown",
        "time": 74742,
        "duration": 500
    },
    {
        "name": "gandb_always",
        "time": 75742,
        "duration": 1500
    },
    {
        "name": "gandb_heartbeat_2",
        "time": 79236,
        "duration": 500
    },
    {
        "name": "gandb_heartbeat",
        "time": 79736,
        "duration": 500
    },
    {
        "name": "gandb_heartbeat_2",
        "time": 80236,
        "duration": 500
    },
    {
        "name": "gandb_heartbeat",
        "time": 80736,
        "duration": 500
    },
    {
        "name": "gandb_heartbeat_2",
        "time": 81236,
        "duration": 500
    },
    {
        "name": "gandb_heartbeat",
        "time": 81736,
        "duration": 500
    },
    {
        "name": "gandb_heartbeat_2",
        "time": 82236,
        "duration": 500
    },
    {
        "name": "gandb_heartbeat",
        "time": 82736,
        "duration": 500
    },
    {
        "name": "gandb_strongup",
        "time": 83736,
        "duration": 500
    },
    {
        "name": "gandb_strongdown",
        "time": 85736,
        "duration": 500
    },
    {
        "name": "gandb_hotandcoldpose",
        "time": 87736,
        "duration": 500
    },
    {
        "name": "gandb_hotandcoldposedown",
        "time": 88736,
        "duration": 500
    },
    {
        "name": "gandb_hotandcoldpose",
        "time": 89736,
        "duration": 500
    },
    {
        "name": "gandb_hotandcoldposedown",
        "time": 90736,
        "duration": 500
    },
    {
        "name": "gandb_always",
        "time": 91736,
        "duration": 1500
    },
    {
        "name": "gandb_heartbeat_2",
        "time": 95230,
        "duration": 500
    },
    {
        "name": "gandb_heartbeat",
        "time": 95730,
        "duration": 500
    },
    {
        "name": "gandb_heartbeat_2",
        "time": 96230,
        "duration": 500
    },
    {
        "name": "gandb_heartbeat",
        "time": 96730,
        "duration": 500
    },
    {
        "name": "gandb_heartbeat_2",
        "time": 97230,
        "duration": 500
    },
    {
        "name": "gandb_heartbeat",
        "time": 97730,
        "duration": 500
    },
    {
        "name": "gandb_heartbeat_2",
        "time": 98230,
        "duration": 500
    },
    {
        "name": "gandb_heartbeat",
        "time": 98730,
        "duration": 500
    },
    {
        "name": "gandb_rolldown",
        "time": 99730,
        "duration": 500
    },
    {
        "name": "gandb_rolldown",
        "time": 101730,
        "duration": 500
    },
    {
        "name": "gandb_rowback",
        "time": 103727,
        "duration": 500
    },
    {
        "name": "gandb_rowfront",
        "time": 104227,
        "duration": 500
    },
    {
        "name": "gandb_rowback",
        "time": 104727,
        "duration": 500
    },
    {
        "name": "gandb_rowfront",
        "time": 105227,
        "duration": 500
    },
    {
        "name": "gandb_rowback",
        "time": 105727,
        "duration": 500
    },
    {
        "name": "gandb_rowfront",
        "time": 106227,
        "duration": 500
    },
    {
        "name": "gandb_rowback",
        "time": 106727,
        "duration": 500
    },
    {
        "name": "gandb_rowfront",
        "time": 107227,
        "duration": 500
    },
    {
        "name": "gandb_mummyintro",
        "time": 107727,
        "duration": 500
    },
    {
        "name": "gandb_mummy",
        "time": 108227,
        "duration": 500
    },
    {
        "name": "gandb_mummy",
        "time": 108727,
        "duration": 500
    },
    {
        "name": "gandb_mummy",
        "time": 109227,
        "duration": 500
    },
    {
        "name": "gandb_mummy",
        "time": 109727,
        "duration": 500
    },
    {
        "name": "gandb_mummy",
        "time": 110223,
        "duration": 500
    },
    {
        "name": "gandb_mummy",
        "time": 110720,
        "duration": 500
    },
    {
        "name": "gandb_mummy",
        "time": 111220,
        "duration": 500
    },
    {
        "name": "gandb_mummy",
        "time": 111720,
        "duration": 500
    },
    {
        "name": "gandb_mummy",
        "time": 112220,
        "duration": 500
    },
    {
        "name": "gandb_mummy",
        "time": 112720,
        "duration": 500
    },
    {
        "name": "gandb_mummy",
        "time": 113220,
        "duration": 500
    },
    {
        "name": "gandb_mummy",
        "time": 113720,
        "duration": 500
    },
    {
        "name": "gandb_mummy",
        "time": 114220,
        "duration": 500
    },
    {
        "name": "gandb_mummy",
        "time": 114720,
        "duration": 500
    },
    {
        "name": "gandb_mummy",
        "time": 115220,
        "duration": 500
    },
    {
        "name": "gandb_fly",
        "time": 116220,
        "duration": 1500
    },
    {
        "name": "gandb_fly",
        "time": 118970,
        "duration": 1500
    },
    {
        "name": "gandb_fly",
        "time": 121720,
        "duration": 1500
    },
    {
        "name": "gandb_around",
        "time": 123720,
        "duration": 1000
    },
    {
        "name": "gandb_around",
        "time": 124720,
        "duration": 1000
    },
    {
        "name": "gandb_around",
        "time": 125720,
        "duration": 1000
    },
    {
        "name": "gandb_around",
        "time": 126720,
        "duration": 1000
    },
    {
        "name": "gandb_around",
        "time": 127720,
        "duration": 1000
    },
    {
        "name": "gandb_around",
        "time": 128720,
        "duration": 1000
    },
    {
        "name": "gandb_around",
        "time": 129720,
        "duration": 1000
    },
    {
        "name": "gandb_aroundend",
        "time": 130720,
        "duration": 500
    },
    {
        "name": "gandb_upanddown",
        "time": 131720,
        "duration": 1000
    },
    {
        "name": "gandb_upanddown",
        "time": 132720,
        "duration": 1000
    },
    {
        "name": "gandb_upanddown",
        "time": 133720,
        "duration": 1000
    },
    {
        "name": "gandb_upanddown",
        "time": 134720,
        "duration": 1000
    },
    {
        "name": "gandb_upanddown",
        "time": 135720,
        "duration": 1000
    },
    {
        "name": "gandb_upanddown",
        "time": 136720,
        "duration": 1000
    },
    {
        "name": "gandb_upanddown",
        "time": 137720,
        "duration": 1000
    },
    {
        "name": "gandb_upanddownend",
        "time": 138720,
        "duration": 750
    },
    {
        "name": "gandb_mill",
        "time": 140214,
        "duration": 1000
    },
    {
        "name": "gandb_millup",
        "time": 141208,
        "duration": 1000
    },
    {
        "name": "gandb_mill",
        "time": 142208,
        "duration": 1000
    },
    {
        "name": "gandb_millup",
        "time": 143208,
        "duration": 1000
    },
    {
        "name": "gandb_mill",
        "time": 144208,
        "duration": 1000
    },
    {
        "name": "gandb_millup",
        "time": 145208,
        "duration": 1000
    },
    {
        "name": "gandb_mill",
        "time": 146208,
        "duration": 1000
    },
    {
        "name": "gandb_strongup",
        "time": 147708,
        "duration": 500
    },
    {
        "name": "gandb_strongdown",
        "time": 149708,
        "duration": 500
    },
    {
        "name": "gandb_hotandcoldpose",
        "time": 151708,
        "duration": 500
    },
    {
        "name": "gandb_hotandcoldposedown",
        "time": 152708,
        "duration": 500
    },
    {
        "name": "gandb_hotandcoldpose",
        "time": 153708,
        "duration": 500
    },
    {
        "name": "gandb_hotandcoldposedown",
        "time": 154708,
        "duration": 500
    },
    {
        "name": "gandb_always",
        "time": 155708,
        "duration": 1500
    },
    {
        "name": "gandb_heartbeat_2",
        "time": 159208,
        "duration": 500
    },
    {
        "name": "gandb_heartbeat",
        "time": 159708,
        "duration": 500
    },
    {
        "name": "gandb_heartbeat_2",
        "time": 160208,
        "duration": 500
    },
    {
        "name": "gandb_heartbeat",
        "time": 160708,
        "duration": 500
    },
    {
        "name": "gandb_heartbeat_2",
        "time": 161208,
        "duration": 500
    },
    {
        "name": "gandb_heartbeat",
        "time": 161708,
        "duration": 500
    },
    {
        "name": "gandb_heartbeat_2",
        "time": 162208,
        "duration": 500
    },
    {
        "name": "gandb_heartbeat",
        "time": 162708,
        "duration": 500
    },
    {
        "name": "gandb_strongup",
        "time": 163708,
        "duration": 500
    },
    {
        "name": "gandb_strongdown",
        "time": 165708,
        "duration": 500
    },
    {
        "name": "gandb_hotandcoldpose",
        "time": 167708,
        "duration": 500
    },
    {
        "name": "gandb_hotandcoldposedown",
        "time": 168708,
        "duration": 500
    },
    {
        "name": "gandb_hotandcoldpose",
        "time": 169708,
        "duration": 500
    },
    {
        "name": "gandb_hotandcoldposedown",
        "time": 170708,
        "duration": 500
    },
    {
        "name": "gandb_always",
        "time": 171708,
        "duration": 1500
    },
    {
        "name": "gandb_heartbeat_2",
        "time": 175208,
        "duration": 500
    },
    {
        "name": "gandb_heartbeat",
        "time": 175708,
        "duration": 500
    },
    {
        "name": "gandb_heartbeat_2",
        "time": 176208,
        "duration": 500
    },
    {
        "name": "gandb_heartbeat",
        "time": 176708,
        "duration": 500
    },
    {
        "name": "gandb_heartbeat_2",
        "time": 177208,
        "duration": 500
    },
    {
        "name": "gandb_heartbeat",
        "time": 177708,
        "duration": 500
    },
    {
        "name": "gandb_heartbeat_2",
        "time": 178208,
        "duration": 500
    },
    {
        "name": "gandb_heartbeat",
        "time": 178703,
        "duration": 500
    },
    {
        "name": "gandb_rolldown",
        "time": 179691,
        "duration": 500
    },
    {
        "name": "gandb_rolldown",
        "time": 181691,
        "duration": 500
    },
    {
        "name": "gandb_rowback",
        "time": 183691,
        "duration": 500
    },
    {
        "name": "gandb_rowfront",
        "time": 184191,
        "duration": 500
    },
    {
        "name": "gandb_rowback",
        "time": 184691,
        "duration": 500
    },
    {
        "name": "gandb_rowfront",
        "time": 185191,
        "duration": 500
    },
    {
        "name": "gandb_rowback",
        "time": 185691,
        "duration": 500
    },
    {
        "name": "gandb_rowfront",
        "time": 186191,
        "duration": 500
    },
    {
        "name": "gandb_rowback",
        "time": 186691,
        "duration": 500
    },
    {
        "name": "gandb_rowfront",
        "time": 187191,
        "duration": 500
    },
    {
        "name": "gandb_mummyintro",
        "time": 187691,
        "duration": 500
    },
    {
        "name": "gandb_mummy",
        "time": 188191,
        "duration": 500
    },
    {
        "name": "gandb_mummy",
        "time": 188691,
        "duration": 500
    },
    {
        "name": "gandb_mummy",
        "time": 189191,
        "duration": 500
    },
    {
        "name": "gandb_mummy",
        "time": 189691,
        "duration": 500
    },
    {
        "name": "gandb_mummy",
        "time": 190191,
        "duration": 500
    },
    {
        "name": "gandb_mummy",
        "time": 190691,
        "duration": 500
    },
    {
        "name": "gandb_mummy",
        "time": 191191,
        "duration": 500
    },
    {
        "name": "gandb_mummy",
        "time": 191691,
        "duration": 500
    },
    {
        "name": "gandb_mummy",
        "time": 192191,
        "duration": 500
    },
    {
        "name": "gandb_mummy",
        "time": 192691,
        "duration": 500
    },
    {
        "name": "gandb_mummy",
        "time": 193191,
        "duration": 500
    },
    {
        "name": "gandb_mummy",
        "time": 193691,
        "duration": 500
    },
    {
        "name": "gandb_mummy",
        "time": 194191,
        "duration": 500
    },
    {
        "name": "gandb_mummy",
        "time": 194691,
        "duration": 500
    },
    {
        "name": "gandb_mummy",
        "time": 195191,
        "duration": 500
    },
    {
        "name": "gandb_strongup",
        "time": 195691,
        "duration": 500
    },
    {
        "name": "gandb_strongdown",
        "time": 196691,
        "duration": 500
    },
    {
        "name": "gandb_strongup",
        "time": 197691,
        "duration": 500
    },
    {
        "name": "gandb_strongdown",
        "time": 198691,
        "duration": 500
    },
    {
        "name": "gandb_teapot",
        "time": 199685,
        "duration": 500
    },
    {
        "name": "gandb_teapotdown",
        "time": 200685,
        "duration": 500
    },
    {
        "name": "gandb_teapot",
        "time": 201685,
        "duration": 500
    },
    {
        "name": "gandb_teapotdown",
        "time": 202435,
        "duration": 500
    },
    {
        "name": "gandb_always",
        "time": 203685,
        "duration": 1500
    },
    {
        "name": "gandb_heartbeat_2",
        "time": 207185,
        "duration": 500
    },
    {
        "name": "gandb_heartbeat",
        "time": 207685,
        "duration": 500
    },
    {
        "name": "gandb_heartbeat_2",
        "time": 208185,
        "duration": 500
    },
    {
        "name": "gandb_heartbeat",
        "time": 208685,
        "duration": 500
    },
    {
        "name": "gandb_heartbeat_2",
        "time": 209185,
        "duration": 500
    },
    {
        "name": "gandb_heartbeat",
        "time": 209685,
        "duration": 500
    },
    {
        "name": "gandb_heartbeat_2",
        "time": 210185,
        "duration": 500
    },
    {
        "name": "gandb_heartbeat",
        "time": 210685,
        "duration": 500
    },
    {
        "name": "gandb_strongup",
        "time": 211680,
        "duration": 500
    },
    {
        "name": "gandb_strongdown",
        "time": 212676,
        "duration": 500
    },
    {
        "name": "gandb_strongup",
        "time": 213676,
        "duration": 500
    },
    {
        "name": "gandb_strongdown",
        "time": 214676,
        "duration": 500
    },
    {
        "name": "gandb_teapot",
        "time": 215676,
        "duration": 500
    },
    {
        "name": "gandb_teapotdown",
        "time": 216676,
        "duration": 500
    },
    {
        "name": "gandb_teapot",
        "time": 217676,
        "duration": 500
    },
    {
        "name": "gandb_teapotdown",
        "time": 218676,
        "duration": 500
    },
    {
        "name": "gandb_always",
        "time": 219676,
        "duration": 1500
    },
    {
        "name": "gandb_heartbeat_2",
        "time": 223176,
        "duration": 500
    },
    {
        "name": "gandb_heartbeat",
        "time": 223676,
        "duration": 500
    },
    {
        "name": "gandb_heartbeat_2",
        "time": 224176,
        "duration": 500
    },
    {
        "name": "gandb_heartbeat",
        "time": 224676,
        "duration": 500
    },
    {
        "name": "gandb_heartbeat_2",
        "time": 225176,
        "duration": 500
    },
    {
        "name": "gandb_heartbeat",
        "time": 225676,
        "duration": 500
    },
    {
        "name": "gandb_heartbeat_2",
        "time": 226176,
        "duration": 500
    },
    {
        "name": "gandb_heartbeat",
        "time": 226676,
        "duration": 500
    },
    {
        "name": "gandb_strongup",
        "time": 227676,
        "duration": 500
    },
    {
        "name": "gandb_strongdown",
        "time": 229676,
        "duration": 500
    },
    {
        "name": "gandb_hotandcoldpose",
        "time": 231676,
        "duration": 500
    },
    {
        "name": "gandb_hotandcoldposedown",
        "time": 232676,
        "duration": 500
    },
    {
        "name": "gandb_hotandcoldpose",
        "time": 233676,
        "duration": 500
    },
    {
        "name": "gandb_hotandcoldposedown",
        "time": 234676,
        "duration": 500
    },
    {
        "name": "gandb_always",
        "time": 235676,
        "duration": 1500
    },
    {
        "name": "gandb_heartbeat_2",
        "time": 239176,
        "duration": 500
    },
    {
        "name": "gandb_heartbeat",
        "time": 239676,
        "duration": 500
    },
    {
        "name": "gandb_heartbeat_2",
        "time": 240176,
        "duration": 500
    },
    {
        "name": "gandb_heartbeat",
        "time": 240676,
        "duration": 500
    },
    {
        "name": "gandb_heartbeat_2",
        "time": 241176,
        "duration": 500
    },
    {
        "name": "gandb_heartbeat",
        "time": 241676,
        "duration": 500
    },
    {
        "name": "gandb_heartbeat_2",
        "time": 242176,
        "duration": 500
    },
    {
        "name": "gandb_heartbeat",
        "time": 242676,
        "duration": 500
    },
    {
        "name": "gandb_strongup",
        "time": 243676,
        "duration": 500
    }
]