[
    {
        "name": "dancando_intro_snake_start",
        "time": 6315,
        "duration": 526
    },
    {
        "name": "dancando_intro_snake",
        "time": 6842,
        "duration": 1053
    },
    {
        "name": "dancando_intro_snake",
        "time": 7894,
        "duration": 1053
    },
    {
        "name": "dancando_intro_snake",
        "time": 8947,
        "duration": 1053
    },
    {
        "name": "dancando_intro_snake",
        "time": 10000,
        "duration": 1053
    },
    {
        "name": "dancando_intro_snake",
        "time": 11052,
        "duration": 1053
    },
    {
        "name": "dancando_mamaepush_left",
        "time": 15000,
        "duration": 1053
    },
    {
        "name": "dancando_mamaepush_right",
        "time": 16052,
        "duration": 1053
    },
    {
        "name": "dancando_mamaepush_left",
        "time": 17105,
        "duration": 1053
    },
    {
        "name": "dancando_mamaepush_right",
        "time": 18157,
        "duration": 1053
    },
    {
        "name": "dancando_mamaesun_right",
        "time": 19210,
        "duration": 1579
    },
    {
        "name": "dancando_mamaesun_left",
        "time": 21315,
        "duration": 1579
    },
    {
        "name": "dancando_mamaepush_left",
        "time": 23421,
        "duration": 1053
    },
    {
        "name": "dancando_mamaepush_right",
        "time": 24473,
        "duration": 1053
    },
    {
        "name": "dancando_mamaepush_left",
        "time": 25526,
        "duration": 1053
    },
    {
        "name": "dancando_mamaepush_right",
        "time": 26578,
        "duration": 1053
    },
    {
        "name": "dancando_mamaesun_right",
        "time": 27631,
        "duration": 1579
    },
    {
        "name": "dancando_mamaesun_left",
        "time": 29736,
        "duration": 1579
    },
    {
        "name": "dancando_dancandoup",
        "time": 31579,
        "duration": 789
    },
    {
        "name": "dancando_dancandowalk",
        "time": 32368,
        "duration": 1053
    },
    {
        "name": "dancando_dancandoup_2",
        "time": 33684,
        "duration": 789
    },
    {
        "name": "dancando_dancandoclap",
        "time": 35000,
        "duration": 1053
    },
    {
        "name": "dancando_dancandoclap",
        "time": 36052,
        "duration": 1053
    },
    {
        "name": "dancando_dancandowave",
        "time": 37105,
        "duration": 789
    },
    {
        "name": "dancando_dancandowave_2",
        "time": 37894,
        "duration": 1053
    },
    {
        "name": "dancando_dancandoup",
        "time": 40000,
        "duration": 789
    },
    {
        "name": "dancando_dancandowalk",
        "time": 40789,
        "duration": 1053
    },
    {
        "name": "dancando_dancandoup_2",
        "time": 42105,
        "duration": 789
    },
    {
        "name": "dancando_dancandoclap",
        "time": 43421,
        "duration": 1053
    },
    {
        "name": "dancando_dancandoclap",
        "time": 44473,
        "duration": 1053
    },
    {
        "name": "dancando_dancandowave",
        "time": 45526,
        "duration": 789
    },
    {
        "name": "dancando_dancandowave_2",
        "time": 46315,
        "duration": 1053
    },
    {
        "name": "dancando_cabeca",
        "time": 49210,
        "duration": 1053
    },
    {
        "name": "dancando_cintura",
        "time": 51315,
        "duration": 1053
    },
    {
        "name": "dancando_cabeca",
        "time": 53421,
        "duration": 1053
    },
    {
        "name": "dancando_cintura",
        "time": 55526,
        "duration": 1053
    },
    {
        "name": "dancando_cabeca",
        "time": 57631,
        "duration": 1053
    },
    {
        "name": "dancando_cintura",
        "time": 59736,
        "duration": 1053
    },
    {
        "name": "dancando_cabeca",
        "time": 61842,
        "duration": 1053
    },
    {
        "name": "dancando_cintura_2",
        "time": 63947,
        "duration": 1053
    },
    {
        "name": "dancando_dancandoup",
        "time": 65263,
        "duration": 789
    },
    {
        "name": "dancando_dancandowalk",
        "time": 66052,
        "duration": 1053
    },
    {
        "name": "dancando_dancandoup_2",
        "time": 67631,
        "duration": 789
    },
    {
        "name": "dancando_dancandoclap",
        "time": 68684,
        "duration": 1053
    },
    {
        "name": "dancando_dancandoclap",
        "time": 69736,
        "duration": 1053
    },
    {
        "name": "dancando_dancandowave",
        "time": 70789,
        "duration": 789
    },
    {
        "name": "dancando_dancandowave_2",
        "time": 71579,
        "duration": 1053
    },
    {
        "name": "dancando_dancandoup",
        "time": 73684,
        "duration": 789
    },
    {
        "name": "dancando_dancandowalk",
        "time": 74473,
        "duration": 1053
    },
    {
        "name": "dancando_dancandoup_2",
        "time": 75789,
        "duration": 789
    },
    {
        "name": "dancando_dancandoclap",
        "time": 77105,
        "duration": 1053
    },
    {
        "name": "dancando_dancandoclap",
        "time": 78157,
        "duration": 1053
    },
    {
        "name": "dancando_dancandowave",
        "time": 79210,
        "duration": 789
    },
    {
        "name": "dancando_dancandowave_2",
        "time": 80000,
        "duration": 1053
    },
    {
        "name": "dancando_circleright",
        "time": 82368,
        "duration": 1053
    },
    {
        "name": "dancando_circleright",
        "time": 84473,
        "duration": 1053
    },
    {
        "name": "dancando_circleright",
        "time": 86578,
        "duration": 1053
    },
    {
        "name": "dancando_circleright_end",
        "time": 88684,
        "duration": 789
    },
    {
        "name": "dancando_chestblock",
        "time": 89473,
        "duration": 789,
        "goldMove": 1
    },
    {
        "name": "dancando_circleright",
        "time": 90789,
        "duration": 1053
    },
    {
        "name": "dancando_circleright",
        "time": 92894,
        "duration": 1053
    },
    {
        "name": "dancando_circleright",
        "time": 95000,
        "duration": 1053
    },
    {
        "name": "dancando_latinoquick",
        "time": 97368,
        "duration": 1579
    },
    {
        "name": "dancando_dancandoup",
        "time": 98947,
        "duration": 789
    },
    {
        "name": "dancando_dancandowalk",
        "time": 100000,
        "duration": 1053
    },
    {
        "name": "dancando_dancandoup_2",
        "time": 101052,
        "duration": 789
    },
    {
        "name": "dancando_dancandoclap",
        "time": 102368,
        "duration": 1053
    },
    {
        "name": "dancando_dancandoclap",
        "time": 103421,
        "duration": 1053
    },
    {
        "name": "dancando_dancandowave",
        "time": 104473,
        "duration": 789
    },
    {
        "name": "dancando_dancandowave_2",
        "time": 105263,
        "duration": 1053
    },
    {
        "name": "dancando_dancandoup",
        "time": 107368,
        "duration": 789
    },
    {
        "name": "dancando_dancandowalk",
        "time": 108157,
        "duration": 1053
    },
    {
        "name": "dancando_dancandoup_2",
        "time": 109473,
        "duration": 789
    },
    {
        "name": "dancando_dancandoclap",
        "time": 110789,
        "duration": 1053
    },
    {
        "name": "dancando_dancandoclap",
        "time": 111842,
        "duration": 1053
    },
    {
        "name": "dancando_dancandowave",
        "time": 112894,
        "duration": 789
    },
    {
        "name": "dancando_dancandowave_2",
        "time": 113684,
        "duration": 1053
    },
    {
        "name": "dancando_mamaepush_left",
        "time": 116052,
        "duration": 1053
    },
    {
        "name": "dancando_mamaepush_right",
        "time": 117105,
        "duration": 1053
    },
    {
        "name": "dancando_mamaepush_left",
        "time": 118157,
        "duration": 1053
    },
    {
        "name": "dancando_mamaepush_right",
        "time": 119210,
        "duration": 1053
    },
    {
        "name": "dancando_mamaesun_right",
        "time": 120263,
        "duration": 1579
    },
    {
        "name": "dancando_mamaesun_left",
        "time": 122368,
        "duration": 1579
    },
    {
        "name": "dancando_mamaepush_left",
        "time": 124473,
        "duration": 1053
    },
    {
        "name": "dancando_mamaepush_right",
        "time": 125526,
        "duration": 1053
    },
    {
        "name": "dancando_mamaepush_left",
        "time": 126578,
        "duration": 1053
    },
    {
        "name": "dancando_mamaepush_right",
        "time": 127631,
        "duration": 1053
    },
    {
        "name": "dancando_mamaesun_right",
        "time": 128684,
        "duration": 1579
    },
    {
        "name": "dancando_mamaesun_left",
        "time": 130789,
        "duration": 1579
    },
    {
        "name": "dancando_dancandoup",
        "time": 132631,
        "duration": 789
    },
    {
        "name": "dancando_dancandowalk",
        "time": 133421,
        "duration": 1053
    },
    {
        "name": "dancando_dancandoup_2",
        "time": 134737,
        "duration": 789
    },
    {
        "name": "dancando_dancandoclap",
        "time": 136052,
        "duration": 1053
    },
    {
        "name": "dancando_dancandoclap",
        "time": 137105,
        "duration": 1053
    },
    {
        "name": "dancando_dancandowave",
        "time": 138157,
        "duration": 789
    },
    {
        "name": "dancando_dancandowave_2",
        "time": 138947,
        "duration": 1053
    },
    {
        "name": "dancando_dancandoup",
        "time": 141052,
        "duration": 789
    },
    {
        "name": "dancando_dancandowalk",
        "time": 141842,
        "duration": 1053
    },
    {
        "name": "dancando_dancandoup_2",
        "time": 143158,
        "duration": 789
    },
    {
        "name": "dancando_dancandoclap",
        "time": 144473,
        "duration": 1053
    },
    {
        "name": "dancando_dancandoclap",
        "time": 145526,
        "duration": 1053
    },
    {
        "name": "dancando_dancandowave",
        "time": 146578,
        "duration": 789
    },
    {
        "name": "dancando_dancandowave_2",
        "time": 147368,
        "duration": 1053
    },
    {
        "name": "dancando_cabeca",
        "time": 150263,
        "duration": 1053
    },
    {
        "name": "dancando_cintura",
        "time": 152236,
        "duration": 1053
    },
    {
        "name": "dancando_cabeca",
        "time": 154341,
        "duration": 1053
    },
    {
        "name": "dancando_cintura",
        "time": 156446,
        "duration": 1053
    },
    {
        "name": "dancando_cabeca",
        "time": 158552,
        "duration": 1053
    },
    {
        "name": "dancando_cintura",
        "time": 160657,
        "duration": 1053
    },
    {
        "name": "dancando_cabeca",
        "time": 162762,
        "duration": 1053
    },
    {
        "name": "dancando_cintura_2",
        "time": 164868,
        "duration": 1053
    },
    {
        "name": "dancando_lambadawide_start",
        "time": 166315,
        "duration": 1053
    },
    {
        "name": "dancando_lambadawide",
        "time": 167368,
        "duration": 1053
    },
    {
        "name": "dancando_lambadawide",
        "time": 168421,
        "duration": 1053
    },
    {
        "name": "dancando_lambadawide_end",
        "time": 169473,
        "duration": 1053
    },
    {
        "name": "dancando_lambadaright_intro",
        "time": 170526,
        "duration": 789
    },
    {
        "name": "dancando_lambadaright",
        "time": 172368,
        "duration": 1053
    },
    {
        "name": "dancando_circleright",
        "time": 175000,
        "duration": 1053
    },
    {
        "name": "dancando_circleright",
        "time": 177105,
        "duration": 1053
    },
    {
        "name": "dancando_circleright",
        "time": 179210,
        "duration": 1053
    },
    {
        "name": "dancando_chestblockcombo",
        "time": 181052,
        "duration": 1053,
        "goldMove": 1
    },
    {
        "name": "dancando_chestblockcombo_2",
        "time": 182105,
        "duration": 1053
    },
    {
        "name": "dancando_circleright",
        "time": 183421,
        "duration": 1053
    },
    {
        "name": "dancando_circleright",
        "time": 185526,
        "duration": 1053
    },
    {
        "name": "dancando_circleright",
        "time": 187631,
        "duration": 1053
    },
    {
        "name": "dancando_latinoquick",
        "time": 190000,
        "duration": 1579
    },
    {
        "name": "dancando_dancandoup",
        "time": 191579,
        "duration": 789
    },
    {
        "name": "dancando_dancandowalk",
        "time": 192368,
        "duration": 1053
    },
    {
        "name": "dancando_dancandoup_2",
        "time": 193684,
        "duration": 789
    },
    {
        "name": "dancando_dancandoclap",
        "time": 195000,
        "duration": 1053
    },
    {
        "name": "dancando_dancandoclap",
        "time": 196052,
        "duration": 1053
    },
    {
        "name": "dancando_dancandowave",
        "time": 197105,
        "duration": 789
    },
    {
        "name": "dancando_dancandowave_2",
        "time": 197894,
        "duration": 1053
    },
    {
        "name": "dancando_dancandoup",
        "time": 200000,
        "duration": 789
    },
    {
        "name": "dancando_dancandowalk",
        "time": 200789,
        "duration": 1053
    },
    {
        "name": "dancando_dancandoup_2",
        "time": 202105,
        "duration": 789
    },
    {
        "name": "dancando_dancandoclap",
        "time": 203421,
        "duration": 1053
    },
    {
        "name": "dancando_dancandoclap",
        "time": 204473,
        "duration": 1053
    },
    {
        "name": "dancando_dancandowave",
        "time": 205526,
        "duration": 789
    },
    {
        "name": "dancando_dancandowave_2",
        "time": 206315,
        "duration": 1053
    },
    {
        "name": "dancando_finalpose",
        "time": 208157,
        "duration": 1316,
        "goldMove": 1
    }
]