[
    {
        "name": "ringmybell_underwater",
        "time": 8860,
        "duration": 1200
    },
    {
        "name": "ringmybell_underwater",
        "time": 10780,
        "duration": 1200
    },
    {
        "name": "ringmybell_underwater",
        "time": 12700,
        "duration": 1200
    },
    {
        "name": "ringmybell_underwater",
        "time": 14620,
        "duration": 1200
    },
    {
        "name": "ringmybell_doublepoint",
        "time": 16780,
        "duration": 960
    },
    {
        "name": "ringmybell_doublepoint",
        "time": 18700,
        "duration": 960
    },
    {
        "name": "ringmybell_doublepoint",
        "time": 20620,
        "duration": 960
    },
    {
        "name": "ringmybell_doublepoint",
        "time": 22540,
        "duration": 960
    },
    {
        "name": "ringmybell_doublepoint",
        "time": 24460,
        "duration": 960
    },
    {
        "name": "ringmybell_doublepoint",
        "time": 26380,
        "duration": 960
    },
    {
        "name": "ringmybell_doublepoint",
        "time": 28300,
        "duration": 960
    },
    {
        "name": "ringmybell_doublepoint",
        "time": 30220,
        "duration": 960
    },
    {
        "name": "ringmybell_swimm",
        "time": 32139,
        "duration": 960
    },
    {
        "name": "ringmybell_swimm",
        "time": 34060,
        "duration": 960
    },
    {
        "name": "ringmybell_swimm",
        "time": 35980,
        "duration": 960
    },
    {
        "name": "ringmybell_swimm",
        "time": 37900,
        "duration": 960
    },
    {
        "name": "ringmybell_swimm",
        "time": 39820,
        "duration": 960
    },
    {
        "name": "ringmybell_swimm",
        "time": 41740,
        "duration": 960
    },
    {
        "name": "ringmybell_swimm",
        "time": 43660,
        "duration": 960
    },
    {
        "name": "ringmybell_swimm",
        "time": 45580,
        "duration": 960
    },
    {
        "name": "ringmybell_pointup",
        "time": 47500,
        "duration": 960
    },
    {
        "name": "ringmybell_pointdwn",
        "time": 48460,
        "duration": 960
    },
    {
        "name": "ringmybell_pointup",
        "time": 49420,
        "duration": 960
    },
    {
        "name": "ringmybell_pointdwn",
        "time": 50380,
        "duration": 960
    },
    {
        "name": "ringmybell_pointup",
        "time": 51340,
        "duration": 960
    },
    {
        "name": "ringmybell_pointdwn",
        "time": 52300,
        "duration": 960
    },
    {
        "name": "ringmybell_pointup",
        "time": 53260,
        "duration": 960
    },
    {
        "name": "ringmybell_pointdwn",
        "time": 54220,
        "duration": 960
    },
    {
        "name": "ringmybell_pointup",
        "time": 55180,
        "duration": 960
    },
    {
        "name": "ringmybell_pointdwn",
        "time": 56140,
        "duration": 960
    },
    {
        "name": "ringmybell_pointup",
        "time": 57100,
        "duration": 960
    },
    {
        "name": "ringmybell_pointdwn",
        "time": 58060,
        "duration": 960
    },
    {
        "name": "ringmybell_pointup",
        "time": 59020,
        "duration": 960
    },
    {
        "name": "ringmybell_pointdwn",
        "time": 59980,
        "duration": 960
    },
    {
        "name": "ringmybell_pointup",
        "time": 60940,
        "duration": 960
    },
    {
        "name": "ringmybell_pointdwn",
        "time": 61900,
        "duration": 960
    },
    {
        "name": "ringmybell_roll",
        "time": 63360,
        "duration": 960
    },
    {
        "name": "ringmybell_roll",
        "time": 64320,
        "duration": 960
    },
    {
        "name": "ringmybell_roll",
        "time": 65280,
        "duration": 960
    },
    {
        "name": "ringmybell_roll",
        "time": 66240,
        "duration": 960
    },
    {
        "name": "ringmybell_roll",
        "time": 67200,
        "duration": 960
    },
    {
        "name": "ringmybell_roll",
        "time": 68160,
        "duration": 960
    },
    {
        "name": "ringmybell_roll",
        "time": 69120,
        "duration": 960
    },
    {
        "name": "ringmybell_pulpfiction",
        "time": 70785,
        "duration": 1200
    },
    {
        "name": "ringmybell_pulpfiction",
        "time": 74636,
        "duration": 1200
    },
    {
        "name": "ringmybell_roll",
        "time": 78738,
        "duration": 960
    },
    {
        "name": "ringmybell_roll",
        "time": 79698,
        "duration": 960
    },
    {
        "name": "ringmybell_roll",
        "time": 80653,
        "duration": 960
    },
    {
        "name": "ringmybell_roll",
        "time": 81615,
        "duration": 960
    },
    {
        "name": "ringmybell_roll",
        "time": 82570,
        "duration": 960
    },
    {
        "name": "ringmybell_roll",
        "time": 83529,
        "duration": 960
    },
    {
        "name": "ringmybell_roll",
        "time": 84493,
        "duration": 960
    },
    {
        "name": "ringmybell_pulpfiction",
        "time": 86151,
        "duration": 1200
    },
    {
        "name": "ringmybell_pulpfiction",
        "time": 89991,
        "duration": 1200
    },
    {
        "name": "ringmybell_pelvicroll",
        "time": 93586,
        "duration": 720
    },
    {
        "name": "ringmybell_pelvicroll",
        "time": 94541,
        "duration": 720
    },
    {
        "name": "ringmybell_pelvicroll",
        "time": 95506,
        "duration": 720
    },
    {
        "name": "ringmybell_pelvicroll",
        "time": 96473,
        "duration": 720
    },
    {
        "name": "ringmybell_buttslap",
        "time": 97680,
        "duration": 480
    },
    {
        "name": "ringmybell_buttslap",
        "time": 98636,
        "duration": 480
    },
    {
        "name": "ringmybell_buttslap",
        "time": 99605,
        "duration": 480
    },
    {
        "name": "ringmybell_buttslap",
        "time": 100566,
        "duration": 480,
        "goldMove": 1
    },
    {
        "name": "ringmybell_pelvicroll",
        "time": 101264,
        "duration": 720
    },
    {
        "name": "ringmybell_pelvicroll",
        "time": 102230,
        "duration": 720
    },
    {
        "name": "ringmybell_pelvicroll",
        "time": 103207,
        "duration": 720
    },
    {
        "name": "ringmybell_pelvicroll",
        "time": 104151,
        "duration": 720
    },
    {
        "name": "ringmybell_buttslap",
        "time": 105365,
        "duration": 480
    },
    {
        "name": "ringmybell_buttslap",
        "time": 106327,
        "duration": 480
    },
    {
        "name": "ringmybell_buttslap",
        "time": 107286,
        "duration": 480
    },
    {
        "name": "ringmybell_buttslap",
        "time": 108246,
        "duration": 480
    },
    {
        "name": "ringmybell_pelvicroll",
        "time": 108953,
        "duration": 720
    },
    {
        "name": "ringmybell_pelvicroll",
        "time": 109920,
        "duration": 720
    },
    {
        "name": "ringmybell_pelvicroll",
        "time": 110885,
        "duration": 720
    },
    {
        "name": "ringmybell_pelvicroll",
        "time": 111846,
        "duration": 720
    },
    {
        "name": "ringmybell_buttslap",
        "time": 113066,
        "duration": 480
    },
    {
        "name": "ringmybell_buttslap",
        "time": 114026,
        "duration": 480
    },
    {
        "name": "ringmybell_buttslap",
        "time": 114986,
        "duration": 480
    },
    {
        "name": "ringmybell_buttslap",
        "time": 115935,
        "duration": 480
    },
    {
        "name": "ringmybell_pelvicroll",
        "time": 116623,
        "duration": 720
    },
    {
        "name": "ringmybell_pelvicroll",
        "time": 117591,
        "duration": 720
    },
    {
        "name": "ringmybell_pelvicroll",
        "time": 118551,
        "duration": 720
    },
    {
        "name": "ringmybell_pelvicroll",
        "time": 119511,
        "duration": 720
    },
    {
        "name": "ringmybell_buttslap",
        "time": 120728,
        "duration": 480
    },
    {
        "name": "ringmybell_buttslap",
        "time": 121676,
        "duration": 480
    },
    {
        "name": "ringmybell_buttslap",
        "time": 122630,
        "duration": 480
    },
    {
        "name": "ringmybell_buttslap",
        "time": 123569,
        "duration": 480,
        "goldMove": 1
    },
    {
        "name": "ringmybell_roll",
        "time": 124750,
        "duration": 960
    },
    {
        "name": "ringmybell_roll",
        "time": 125707,
        "duration": 960
    },
    {
        "name": "ringmybell_roll",
        "time": 126658,
        "duration": 960
    },
    {
        "name": "ringmybell_roll",
        "time": 127614,
        "duration": 960
    },
    {
        "name": "ringmybell_roll",
        "time": 128569,
        "duration": 960
    },
    {
        "name": "ringmybell_roll",
        "time": 129529,
        "duration": 960
    },
    {
        "name": "ringmybell_roll",
        "time": 130489,
        "duration": 960
    },
    {
        "name": "ringmybell_pulpfiction",
        "time": 132149,
        "duration": 1200
    },
    {
        "name": "ringmybell_pulpfiction",
        "time": 135973,
        "duration": 1200
    },
    {
        "name": "ringmybell_roll",
        "time": 140055,
        "duration": 960
    },
    {
        "name": "ringmybell_roll",
        "time": 141015,
        "duration": 960
    },
    {
        "name": "ringmybell_roll",
        "time": 141975,
        "duration": 960
    },
    {
        "name": "ringmybell_roll",
        "time": 142935,
        "duration": 960
    },
    {
        "name": "ringmybell_roll",
        "time": 143891,
        "duration": 960
    },
    {
        "name": "ringmybell_roll",
        "time": 144842,
        "duration": 960
    },
    {
        "name": "ringmybell_roll",
        "time": 145787,
        "duration": 960
    },
    {
        "name": "ringmybell_pulpfiction",
        "time": 147447,
        "duration": 1200
    },
    {
        "name": "ringmybell_pulpfiction",
        "time": 151295,
        "duration": 1200
    },
    {
        "name": "ringmybell_pelvicroll",
        "time": 154877,
        "duration": 720
    },
    {
        "name": "ringmybell_pelvicroll",
        "time": 155829,
        "duration": 720
    },
    {
        "name": "ringmybell_pelvicroll",
        "time": 156787,
        "duration": 720
    },
    {
        "name": "ringmybell_pelvicroll",
        "time": 157737,
        "duration": 720
    },
    {
        "name": "ringmybell_buttslap",
        "time": 158958,
        "duration": 480
    },
    {
        "name": "ringmybell_buttslap",
        "time": 159909,
        "duration": 480
    },
    {
        "name": "ringmybell_buttslap",
        "time": 160870,
        "duration": 480
    },
    {
        "name": "ringmybell_buttslap",
        "time": 161833,
        "duration": 480,
        "goldMove": 1
    },
    {
        "name": "ringmybell_pelvicroll",
        "time": 162534,
        "duration": 720
    },
    {
        "name": "ringmybell_pelvicroll",
        "time": 163500,
        "duration": 720
    },
    {
        "name": "ringmybell_pelvicroll",
        "time": 164460,
        "duration": 720
    },
    {
        "name": "ringmybell_pelvicroll",
        "time": 165420,
        "duration": 720
    },
    {
        "name": "ringmybell_buttslap",
        "time": 166631,
        "duration": 480
    },
    {
        "name": "ringmybell_buttslap",
        "time": 167579,
        "duration": 480
    },
    {
        "name": "ringmybell_buttslap",
        "time": 168535,
        "duration": 480
    },
    {
        "name": "ringmybell_buttslap",
        "time": 169490,
        "duration": 480
    },
    {
        "name": "ringmybell_pelvicroll",
        "time": 170187,
        "duration": 720
    },
    {
        "name": "ringmybell_pelvicroll",
        "time": 171147,
        "duration": 720
    },
    {
        "name": "ringmybell_pelvicroll",
        "time": 172107,
        "duration": 720
    },
    {
        "name": "ringmybell_pelvicroll",
        "time": 173066,
        "duration": 720
    },
    {
        "name": "ringmybell_buttslap",
        "time": 174269,
        "duration": 480
    },
    {
        "name": "ringmybell_buttslap",
        "time": 175213,
        "duration": 480
    },
    {
        "name": "ringmybell_buttslap",
        "time": 176163,
        "duration": 480
    },
    {
        "name": "ringmybell_buttslap",
        "time": 177115,
        "duration": 480
    },
    {
        "name": "ringmybell_pelvicroll",
        "time": 177806,
        "duration": 720
    },
    {
        "name": "ringmybell_pelvicroll",
        "time": 178770,
        "duration": 720
    },
    {
        "name": "ringmybell_pelvicroll",
        "time": 179728,
        "duration": 720
    },
    {
        "name": "ringmybell_pelvicroll",
        "time": 180677,
        "duration": 720
    },
    {
        "name": "ringmybell_buttslap",
        "time": 181883,
        "duration": 480
    },
    {
        "name": "ringmybell_buttslap",
        "time": 182827,
        "duration": 480
    },
    {
        "name": "ringmybell_buttslap",
        "time": 183775,
        "duration": 480
    },
    {
        "name": "ringmybell_buttslap",
        "time": 184720,
        "duration": 480,
        "goldMove": 1
    },
    {
        "name": "ringmybell_swimm",
        "time": 185396,
        "duration": 960
    },
    {
        "name": "ringmybell_swimm",
        "time": 187285,
        "duration": 960
    },
    {
        "name": "ringmybell_swimm",
        "time": 189179,
        "duration": 960
    },
    {
        "name": "ringmybell_swimm",
        "time": 191094,
        "duration": 960
    },
    {
        "name": "ringmybell_finalpointup",
        "time": 192759,
        "duration": 720
    }
]