[
    {
        "name": "diamonds_diamonds_down_intro",
        "time": 2607,
        "duration": 1303
    },
    {
        "name": "diamonds_diamonds_push_left",
        "time": 4238,
        "duration": 651
    },
    {
        "name": "diamonds_diamonds_up_intro",
        "time": 5868,
        "duration": 977
    },
    {
        "name": "diamonds_diamonds_down_intro",
        "time": 7825,
        "duration": 1303
    },
    {
        "name": "diamonds_diamonds_push_right",
        "time": 9455,
        "duration": 651
    },
    {
        "name": "diamonds_diamonds_up_intro",
        "time": 10759,
        "duration": 977
    },
    {
        "name": "diamonds_punch_right",
        "time": 12716,
        "duration": 1303
    },
    {
        "name": "diamonds_sea_1",
        "time": 15325,
        "duration": 1956
    },
    {
        "name": "diamonds_push_left",
        "time": 17933,
        "duration": 1303
    },
    {
        "name": "diamonds_sea_2",
        "time": 20542,
        "duration": 1956
    },
    {
        "name": "diamonds_punch_right",
        "time": 23151,
        "duration": 1303
    },
    {
        "name": "diamonds_sea_1",
        "time": 25759,
        "duration": 1956
    },
    {
        "name": "diamonds_push_left",
        "time": 28368,
        "duration": 1303
    },
    {
        "name": "diamonds_sea_2",
        "time": 30977,
        "duration": 1956
    },
    {
        "name": "diamonds_bottomarms",
        "time": 33586,
        "duration": 651
    },
    {
        "name": "diamonds_punch_left",
        "time": 34238,
        "duration": 651
    },
    {
        "name": "diamonds_bottomarms",
        "time": 34890,
        "duration": 651
    },
    {
        "name": "diamonds_punchbot_right",
        "time": 35542,
        "duration": 651
    },
    {
        "name": "diamonds_bottomarms",
        "time": 36194,
        "duration": 651
    },
    {
        "name": "diamonds_punch_left",
        "time": 36846,
        "duration": 651
    },
    {
        "name": "diamonds_bottomarms",
        "time": 37499,
        "duration": 651
    },
    {
        "name": "diamonds_punchbot_right",
        "time": 38151,
        "duration": 651
    },
    {
        "name": "diamonds_small_rightwaves",
        "time": 38803,
        "duration": 651
    },
    {
        "name": "diamonds_big_rightwaves",
        "time": 39455,
        "duration": 977
    },
    {
        "name": "diamonds_small_leftwaves",
        "time": 41086,
        "duration": 977
    },
    {
        "name": "diamonds_big_leftwaves",
        "time": 42064,
        "duration": 977
    },
    {
        "name": "diamonds_bottomarms",
        "time": 44020,
        "duration": 651
    },
    {
        "name": "diamonds_punch_left",
        "time": 44672,
        "duration": 651
    },
    {
        "name": "diamonds_bottomarms",
        "time": 45325,
        "duration": 651
    },
    {
        "name": "diamonds_punchbot_right",
        "time": 45977,
        "duration": 651
    },
    {
        "name": "diamonds_bottomarms",
        "time": 46629,
        "duration": 651
    },
    {
        "name": "diamonds_punch_left",
        "time": 47281,
        "duration": 651
    },
    {
        "name": "diamonds_bottomarms",
        "time": 47933,
        "duration": 651
    },
    {
        "name": "diamonds_punchbot_right",
        "time": 48586,
        "duration": 651
    },
    {
        "name": "diamonds_small_rightwaves",
        "time": 49238,
        "duration": 651
    },
    {
        "name": "diamonds_big_rightwaves",
        "time": 49890,
        "duration": 977
    },
    {
        "name": "diamonds_small_leftwaves",
        "time": 51520,
        "duration": 977
    },
    {
        "name": "diamonds_big_leftwaves_end",
        "time": 52499,
        "duration": 651
    },
    {
        "name": "diamonds_chorus_small_turn",
        "time": 53803,
        "duration": 651
    },
    {
        "name": "diamonds_chorus_big_turn",
        "time": 54455,
        "duration": 977
    },
    {
        "name": "diamonds_throw_hands_bottom",
        "time": 55433,
        "duration": 977
    },
    {
        "name": "diamonds_chorus_small_turn",
        "time": 56412,
        "duration": 651
    },
    {
        "name": "diamonds_chorus_big_turn",
        "time": 57064,
        "duration": 977
    },
    {
        "name": "diamonds_throw_hands_bottom",
        "time": 58042,
        "duration": 977
    },
    {
        "name": "diamonds_chorus_small_turn",
        "time": 59020,
        "duration": 651
    },
    {
        "name": "diamonds_chorus_big_turn",
        "time": 59672,
        "duration": 977
    },
    {
        "name": "diamonds_two_hands_end",
        "time": 60651,
        "duration": 1303
    },
    {
        "name": "diamonds_beautiful",
        "time": 62281,
        "duration": 1303
    },
    {
        "name": "diamonds_in",
        "time": 64238,
        "duration": 651
    },
    {
        "name": "diamonds_sky",
        "time": 65216,
        "duration": 1140
    },
    {
        "name": "diamonds_chorus_small_turn",
        "time": 66846,
        "duration": 651
    },
    {
        "name": "diamonds_chorus_big_turn",
        "time": 67499,
        "duration": 977
    },
    {
        "name": "diamonds_throw_hands_bottom",
        "time": 68477,
        "duration": 977
    },
    {
        "name": "diamonds_chorus_small_turn",
        "time": 69455,
        "duration": 651
    },
    {
        "name": "diamonds_chorus_big_turn",
        "time": 70107,
        "duration": 977
    },
    {
        "name": "diamonds_two_hands_end",
        "time": 71086,
        "duration": 1303
    },
    {
        "name": "diamonds_beautiful",
        "time": 72716,
        "duration": 1303
    },
    {
        "name": "diamonds_in",
        "time": 74672,
        "duration": 651
    },
    {
        "name": "diamonds_sky_short_2",
        "time": 75325,
        "duration": 1303
    },
    {
        "name": "diamonds_shine_right",
        "time": 76629,
        "duration": 1303
    },
    {
        "name": "diamonds_shine_right",
        "time": 77933,
        "duration": 1303
    },
    {
        "name": "diamonds_shine_right",
        "time": 79238,
        "duration": 1303
    },
    {
        "name": "diamonds_shine_right",
        "time": 80542,
        "duration": 1303
    },
    {
        "name": "diamonds_shine_right",
        "time": 81846,
        "duration": 1303
    },
    {
        "name": "diamonds_beautiful",
        "time": 83151,
        "duration": 1303
    },
    {
        "name": "diamonds_in",
        "time": 85107,
        "duration": 651
    },
    {
        "name": "diamonds_sky_short_2",
        "time": 85759,
        "duration": 1303
    },
    {
        "name": "diamonds_shine_right",
        "time": 87064,
        "duration": 1303
    },
    {
        "name": "diamonds_shine_right",
        "time": 88368,
        "duration": 1303
    },
    {
        "name": "diamonds_shine_right",
        "time": 89672,
        "duration": 1303
    },
    {
        "name": "diamonds_shine_right",
        "time": 90977,
        "duration": 1303
    },
    {
        "name": "diamonds_shine_right",
        "time": 92281,
        "duration": 1303
    },
    {
        "name": "diamonds_beautiful",
        "time": 93586,
        "duration": 1303
    },
    {
        "name": "diamonds_in",
        "time": 95542,
        "duration": 651
    },
    {
        "name": "diamonds_sky_short",
        "time": 96194,
        "duration": 651
    },
    {
        "name": "diamonds_punch_right",
        "time": 97173,
        "duration": 1303
    },
    {
        "name": "diamonds_sea_1",
        "time": 98803,
        "duration": 1956
    },
    {
        "name": "diamonds_push_left",
        "time": 101412,
        "duration": 1303
    },
    {
        "name": "diamonds_sea_2",
        "time": 104020,
        "duration": 1956
    },
    {
        "name": "diamonds_punch_right",
        "time": 106629,
        "duration": 1303
    },
    {
        "name": "diamonds_sea_1",
        "time": 109238,
        "duration": 1956
    },
    {
        "name": "diamonds_push_left",
        "time": 111846,
        "duration": 1303
    },
    {
        "name": "diamonds_sea_2",
        "time": 114455,
        "duration": 1956
    },
    {
        "name": "diamonds_bottomarms",
        "time": 117064,
        "duration": 651
    },
    {
        "name": "diamonds_punch_left",
        "time": 117716,
        "duration": 651
    },
    {
        "name": "diamonds_bottomarms",
        "time": 118368,
        "duration": 651
    },
    {
        "name": "diamonds_punchbot_right",
        "time": 119020,
        "duration": 651
    },
    {
        "name": "diamonds_bottomarms",
        "time": 119672,
        "duration": 651
    },
    {
        "name": "diamonds_punch_left",
        "time": 120325,
        "duration": 651
    },
    {
        "name": "diamonds_bottomarms",
        "time": 120977,
        "duration": 651
    },
    {
        "name": "diamonds_punchbot_right",
        "time": 121629,
        "duration": 651
    },
    {
        "name": "diamonds_small_rightwaves",
        "time": 122281,
        "duration": 651
    },
    {
        "name": "diamonds_big_rightwaves",
        "time": 122933,
        "duration": 977
    },
    {
        "name": "diamonds_small_leftwaves",
        "time": 124564,
        "duration": 977
    },
    {
        "name": "diamonds_big_leftwaves",
        "time": 125542,
        "duration": 977
    },
    {
        "name": "diamonds_chorus_small_turn",
        "time": 126846,
        "duration": 651
    },
    {
        "name": "diamonds_chorus_big_turn",
        "time": 127499,
        "duration": 977
    },
    {
        "name": "diamonds_throw_hands_bottom",
        "time": 128477,
        "duration": 977
    },
    {
        "name": "diamonds_chorus_small_turn",
        "time": 129455,
        "duration": 651
    },
    {
        "name": "diamonds_chorus_big_turn",
        "time": 130107,
        "duration": 977
    },
    {
        "name": "diamonds_throw_hands_bottom",
        "time": 131086,
        "duration": 977
    },
    {
        "name": "diamonds_chorus_small_turn",
        "time": 132064,
        "duration": 651
    },
    {
        "name": "diamonds_chorus_big_turn",
        "time": 132716,
        "duration": 977
    },
    {
        "name": "diamonds_two_hands_end",
        "time": 133694,
        "duration": 1303
    },
    {
        "name": "diamonds_beautiful",
        "time": 135325,
        "duration": 1303
    },
    {
        "name": "diamonds_in",
        "time": 137281,
        "duration": 651
    },
    {
        "name": "diamonds_sky",
        "time": 138260,
        "duration": 1140
    },
    {
        "name": "diamonds_chorus_small_turn",
        "time": 139890,
        "duration": 651
    },
    {
        "name": "diamonds_chorus_big_turn",
        "time": 140542,
        "duration": 977
    },
    {
        "name": "diamonds_throw_hands_bottom",
        "time": 141520,
        "duration": 977
    },
    {
        "name": "diamonds_chorus_small_turn",
        "time": 142499,
        "duration": 651
    },
    {
        "name": "diamonds_chorus_big_turn",
        "time": 143151,
        "duration": 977
    },
    {
        "name": "diamonds_two_hands_end",
        "time": 144129,
        "duration": 1303
    },
    {
        "name": "diamonds_beautiful",
        "time": 145759,
        "duration": 1303
    },
    {
        "name": "diamonds_in",
        "time": 147716,
        "duration": 651
    },
    {
        "name": "diamonds_sky_short_2",
        "time": 148368,
        "duration": 1303
    },
    {
        "name": "diamonds_shine_right",
        "time": 149672,
        "duration": 1303
    },
    {
        "name": "diamonds_shine_right",
        "time": 150977,
        "duration": 1303
    },
    {
        "name": "diamonds_shine_right",
        "time": 152281,
        "duration": 1303
    },
    {
        "name": "diamonds_shine_right",
        "time": 153586,
        "duration": 1303
    },
    {
        "name": "diamonds_shine_right",
        "time": 154890,
        "duration": 1303
    },
    {
        "name": "diamonds_beautiful",
        "time": 156194,
        "duration": 1303
    },
    {
        "name": "diamonds_in",
        "time": 158151,
        "duration": 651
    },
    {
        "name": "diamonds_sky_short_2",
        "time": 158803,
        "duration": 1303
    },
    {
        "name": "diamonds_shine_right",
        "time": 160107,
        "duration": 1303
    },
    {
        "name": "diamonds_shine_right",
        "time": 161412,
        "duration": 1303
    },
    {
        "name": "diamonds_shine_right",
        "time": 162716,
        "duration": 1303
    },
    {
        "name": "diamonds_shine_right",
        "time": 164020,
        "duration": 1303
    },
    {
        "name": "diamonds_shine_right",
        "time": 165325,
        "duration": 1303
    },
    {
        "name": "diamonds_beautiful",
        "time": 166629,
        "duration": 1303
    },
    {
        "name": "diamonds_in",
        "time": 168586,
        "duration": 651
    },
    {
        "name": "diamonds_sky",
        "time": 169564,
        "duration": 1140
    },
    {
        "name": "diamonds_replace_diamonds_bridge",
        "time": 170868,
        "duration": 977
    },
    {
        "name": "diamonds_diamonds_down_intro",
        "time": 172173,
        "duration": 1303
    },
    {
        "name": "diamonds_diamonds_push_left",
        "time": 173803,
        "duration": 651
    },
    {
        "name": "diamonds_diamonds_push_right",
        "time": 176412,
        "duration": 651
    },
    {
        "name": "diamonds_diamonds_up_bridge",
        "time": 177716,
        "duration": 977
    },
    {
        "name": "diamonds_chorus_small_turn",
        "time": 179020,
        "duration": 651
    },
    {
        "name": "diamonds_chorus_big_turn",
        "time": 179672,
        "duration": 977,
        "goldMove": 1
    },
    {
        "name": "diamonds_throw_hands_bottom",
        "time": 180651,
        "duration": 977
    },
    {
        "name": "diamonds_chorus_small_turn",
        "time": 181629,
        "duration": 651
    },
    {
        "name": "diamonds_chorus_big_turn",
        "time": 182281,
        "duration": 977
    },
    {
        "name": "diamonds_throw_hands_bottom",
        "time": 183260,
        "duration": 977
    },
    {
        "name": "diamonds_chorus_small_turn",
        "time": 184238,
        "duration": 651
    },
    {
        "name": "diamonds_chorus_big_turn",
        "time": 184890,
        "duration": 977
    },
    {
        "name": "diamonds_two_hands_end",
        "time": 185868,
        "duration": 1303
    },
    {
        "name": "diamonds_beautiful",
        "time": 187499,
        "duration": 1303
    },
    {
        "name": "diamonds_in",
        "time": 189455,
        "duration": 651
    },
    {
        "name": "diamonds_sky",
        "time": 190433,
        "duration": 1140
    },
    {
        "name": "diamonds_chorus_small_turn",
        "time": 192064,
        "duration": 651
    },
    {
        "name": "diamonds_chorus_big_turn",
        "time": 192716,
        "duration": 977
    },
    {
        "name": "diamonds_throw_hands_bottom",
        "time": 193694,
        "duration": 977
    },
    {
        "name": "diamonds_chorus_small_turn",
        "time": 194672,
        "duration": 651
    },
    {
        "name": "diamonds_chorus_big_turn",
        "time": 195325,
        "duration": 977
    },
    {
        "name": "diamonds_two_hands_end",
        "time": 196303,
        "duration": 1303
    },
    {
        "name": "diamonds_beautiful",
        "time": 197933,
        "duration": 1303
    },
    {
        "name": "diamonds_in",
        "time": 199890,
        "duration": 651
    },
    {
        "name": "diamonds_sky_short_2",
        "time": 200542,
        "duration": 1303,
        "goldMove": 1
    },
    {
        "name": "diamonds_shine_right",
        "time": 201846,
        "duration": 1303
    },
    {
        "name": "diamonds_shine_right",
        "time": 203151,
        "duration": 1303
    },
    {
        "name": "diamonds_shine_right",
        "time": 204455,
        "duration": 1303
    },
    {
        "name": "diamonds_shine_right",
        "time": 205759,
        "duration": 1303
    },
    {
        "name": "diamonds_shine_right",
        "time": 207064,
        "duration": 1303
    },
    {
        "name": "diamonds_ohohoh",
        "time": 208368,
        "duration": 1303
    },
    {
        "name": "diamonds_ohohohyeah",
        "time": 209672,
        "duration": 977
    },
    {
        "name": "diamonds_shine_right",
        "time": 210977,
        "duration": 1303
    },
    {
        "name": "diamonds_shine_right",
        "time": 212281,
        "duration": 1303
    },
    {
        "name": "diamonds_shine_right",
        "time": 213586,
        "duration": 1303
    },
    {
        "name": "diamonds_shine_right",
        "time": 214890,
        "duration": 1303
    },
    {
        "name": "diamonds_shine_right",
        "time": 216194,
        "duration": 1303
    },
    {
        "name": "diamonds_shine_right",
        "time": 217499,
        "duration": 1303
    },
    {
        "name": "diamonds_ohohoh",
        "time": 218803,
        "duration": 1303
    },
    {
        "name": "diamonds_ohohohyeah",
        "time": 220107,
        "duration": 977
    },
    {
        "name": "diamonds_diamonds_end",
        "time": 221412,
        "duration": 651,
        "goldMove": 1
    }
]